
 /----------------------------------------------------------------------------\
 |  yosys -- Yosys Open SYnthesis Suite                                       |
 |  Copyright (C) 2012 - 2026  Claire Xenia Wolf <claire@yosyshq.com>         |
 |  Distributed under an ISC-like license, type "license" to see terms        |
 \----------------------------------------------------------------------------/
 Yosys 0.65 (git sha1 aec814bdf3071f7e0fd0fbe43f7f711e99d01e24, clang++ 21.0.0 -fPIC -O3)

-- Executing script file `synth.ys' --

1. Executing Verilog-2005 frontend: ../rtl/spi_slave_ext.sv
Parsing SystemVerilog input from `../rtl/spi_slave_ext.sv' to AST representation.
Generating RTLIL representation for module `\spi_slave_ext'.
Successfully finished Verilog frontend.

2. Executing Verilog-2005 frontend: ../../m2/rtl/compute_core.sv
Parsing SystemVerilog input from `../../m2/rtl/compute_core.sv' to AST representation.
Generating RTLIL representation for module `\compute_core'.
Warning: Replacing memory \x_arr with list of registers. See ../../m2/rtl/compute_core.sv:86
Warning: Replacing memory \acc with list of registers. See ../../m2/rtl/compute_core.sv:112
Successfully finished Verilog frontend.

3. Executing Verilog-2005 frontend: ../rtl/top.sv
Parsing SystemVerilog input from `../rtl/top.sv' to AST representation.
Generating RTLIL representation for module `\top'.
Successfully finished Verilog frontend.
Parameter \N_IN = 8
Parameter \N_OUT = 4
Parameter \X_W = 16
Parameter \ACC_W = 32

4. Executing AST frontend in derive mode using pre-parsed AST for module `\top'.
Parameter \N_IN = 8
Parameter \N_OUT = 4
Parameter \X_W = 16
Parameter \ACC_W = 32
Generating RTLIL representation for module `$paramod$dafde877279d4fbab73bec100cc4ff80383878db\top'.

5. Executing SYNTH pass.

5.1. Executing HIERARCHY pass (managing design hierarchy).

5.1.1. Analyzing design hierarchy..
Top module:  \top
Used module:     \spi_slave_ext
Used module:     \compute_core
Parameter \N_REGS = 4
Parameter \AW = 2

5.1.2. Executing AST frontend in derive mode using pre-parsed AST for module `\spi_slave_ext'.
Parameter \N_REGS = 4
Parameter \AW = 2
Generating RTLIL representation for module `$paramod$a6168edd5940ee4b13b77858963975467dc36b21\spi_slave_ext'.
Parameter \N_IN = 8
Parameter \N_OUT = 4
Parameter \X_W = 16
Parameter \ACC_W = 32

5.1.3. Executing AST frontend in derive mode using pre-parsed AST for module `\compute_core'.
Parameter \N_IN = 8
Parameter \N_OUT = 4
Parameter \X_W = 16
Parameter \ACC_W = 32
Generating RTLIL representation for module `$paramod$4a2008a24899847e3f7dfd7d546e51f962cf3ebc\compute_core'.
Warning: Replacing memory \x_arr with list of registers. See ../../m2/rtl/compute_core.sv:86
Warning: Replacing memory \acc with list of registers. See ../../m2/rtl/compute_core.sv:112

5.1.4. Analyzing design hierarchy..
Top module:  \top
Used module:     $paramod$a6168edd5940ee4b13b77858963975467dc36b21\spi_slave_ext
Used module:     $paramod$4a2008a24899847e3f7dfd7d546e51f962cf3ebc\compute_core

5.1.5. Analyzing design hierarchy..
Top module:  \top
Used module:     $paramod$a6168edd5940ee4b13b77858963975467dc36b21\spi_slave_ext
Used module:     $paramod$4a2008a24899847e3f7dfd7d546e51f962cf3ebc\compute_core
Removing unused module `\compute_core'.
Removing unused module `\spi_slave_ext'.
Removed 2 unused modules.

5.2. Executing PROC pass (convert processes to netlists).

5.2.1. Executing PROC_CLEAN pass (remove empty switches from decision trees).
Cleaned up 0 empty switches.

5.2.2. Executing PROC_RMDEAD pass (remove dead branches from decision trees).
Marked 4 switch rules as full_case in process $proc$../rtl/top.sv:110$291 in module top.
Marked 2 switch rules as full_case in process $proc$../rtl/top.sv:169$302 in module top.
Marked 3 switch rules as full_case in process $proc$../rtl/top.sv:229$332 in module top.
Marked 2 switch rules as full_case in process $proc$../rtl/top.sv:245$342 in module top.
Removed 1 dead cases from process $proc$../../m2/rtl/compute_core.sv:103$500 in module $paramod$4a2008a24899847e3f7dfd7d546e51f962cf3ebc\compute_core.
Marked 1 switch rules as full_case in process $proc$../../m2/rtl/compute_core.sv:103$500 in module $paramod$4a2008a24899847e3f7dfd7d546e51f962cf3ebc\compute_core.
Removed 1 dead cases from process $proc$../../m2/rtl/compute_core.sv:103$497 in module $paramod$4a2008a24899847e3f7dfd7d546e51f962cf3ebc\compute_core.
Marked 1 switch rules as full_case in process $proc$../../m2/rtl/compute_core.sv:103$497 in module $paramod$4a2008a24899847e3f7dfd7d546e51f962cf3ebc\compute_core.
Marked 8 switch rules as full_case in process $proc$../../m2/rtl/compute_core.sv:106$477 in module $paramod$4a2008a24899847e3f7dfd7d546e51f962cf3ebc\compute_core.
Marked 1 switch rules as full_case in process $proc$../../m2/rtl/compute_core.sv:73$468 in module $paramod$4a2008a24899847e3f7dfd7d546e51f962cf3ebc\compute_core.
Marked 5 switch rules as full_case in process $proc$../rtl/spi_slave_ext.sv:90$425 in module $paramod$a6168edd5940ee4b13b77858963975467dc36b21\spi_slave_ext.
Marked 1 switch rules as full_case in process $proc$../rtl/spi_slave_ext.sv:55$415 in module $paramod$a6168edd5940ee4b13b77858963975467dc36b21\spi_slave_ext.
Removed a total of 2 dead cases.

5.2.3. Executing PROC_PRUNE pass (remove redundant assignments in processes).
Removed 12 redundant assignments.
Promoted 61 assignments to connections.

5.2.4. Executing PROC_INIT pass (extract init attributes).

5.2.5. Executing PROC_ARST pass (detect async resets in processes).

5.2.6. Executing PROC_ROM pass (convert switches to ROMs).
Converted 0 switches.
<suppressed ~36 debug messages>

5.2.7. Executing PROC_MUX pass (convert decision trees to multiplexers).
Creating decoders for process `\top.$proc$../rtl/top.sv:110$291'.
     1/7: $0\w_wr_en[0:0]
     2/7: $0\init_row[1:0]
     3/7: $0\init_col[2:0]
     4/7: $0\weight_init_done[0:0]
     5/7: $0\w_din[1:0]
     6/7: $0\w_col[2:0]
     7/7: $0\w_row[1:0]
Creating decoders for process `\top.$proc$../rtl/top.sv:169$302'.
     1/5: $2$lookahead\feat_buf$301[127:0]$311
     2/5: $2$bitselwrite$pos$../rtl/top.sv:174$258[31:0]$310
     3/5: $1$lookahead\feat_buf$301[127:0]$307
     4/5: $1$bitselwrite$pos$../rtl/top.sv:174$258[31:0]$306
     5/5: $0\feat_cnt[4:0]
Creating decoders for process `\top.$proc$../rtl/top.sv:212$327'.
     1/1: $0\start_pulse[0:0]
Creating decoders for process `\top.$proc$../rtl/top.sv:229$332'.
     1/3: $3\argmax[7:0]
     2/3: $2\argmax[7:0]
     3/3: $1\argmax[7:0]
Creating decoders for process `\top.$proc$../rtl/top.sv:245$342'.
     1/4: $0\cc_wr[0:0]
     2/4: $0\res_state[1:0]
     3/4: $0\cc_wdata[7:0]
     4/4: $0\cc_addr[1:0]
Creating decoders for process `\top.$proc$../rtl/top.sv:83$376'.
Creating decoders for process `$paramod$4a2008a24899847e3f7dfd7d546e51f962cf3ebc\compute_core.$proc$../../m2/rtl/compute_core.sv:86$510'.
Creating decoders for process `$paramod$4a2008a24899847e3f7dfd7d546e51f962cf3ebc\compute_core.$proc$../../m2/rtl/compute_core.sv:86$509'.
Creating decoders for process `$paramod$4a2008a24899847e3f7dfd7d546e51f962cf3ebc\compute_core.$proc$../../m2/rtl/compute_core.sv:86$508'.
Creating decoders for process `$paramod$4a2008a24899847e3f7dfd7d546e51f962cf3ebc\compute_core.$proc$../../m2/rtl/compute_core.sv:86$507'.
Creating decoders for process `$paramod$4a2008a24899847e3f7dfd7d546e51f962cf3ebc\compute_core.$proc$../../m2/rtl/compute_core.sv:86$506'.
Creating decoders for process `$paramod$4a2008a24899847e3f7dfd7d546e51f962cf3ebc\compute_core.$proc$../../m2/rtl/compute_core.sv:86$505'.
Creating decoders for process `$paramod$4a2008a24899847e3f7dfd7d546e51f962cf3ebc\compute_core.$proc$../../m2/rtl/compute_core.sv:86$504'.
Creating decoders for process `$paramod$4a2008a24899847e3f7dfd7d546e51f962cf3ebc\compute_core.$proc$../../m2/rtl/compute_core.sv:86$503'.
Creating decoders for process `$paramod$4a2008a24899847e3f7dfd7d546e51f962cf3ebc\compute_core.$proc$../../m2/rtl/compute_core.sv:103$500'.
     1/1: $1$mem2reg_rd$\x_arr$../../m2/rtl/compute_core.sv:103$466_DATA[15:0]$502
Creating decoders for process `$paramod$4a2008a24899847e3f7dfd7d546e51f962cf3ebc\compute_core.$proc$../../m2/rtl/compute_core.sv:103$497'.
     1/1: $1$mem2reg_rd$\x_arr$../../m2/rtl/compute_core.sv:103$465_DATA[15:0]$499
Creating decoders for process `$paramod$4a2008a24899847e3f7dfd7d546e51f962cf3ebc\compute_core.$proc$../../m2/rtl/compute_core.sv:106$477'.
     1/10: $3\j[31:0]
     2/10: $2\j[31:0]
     3/10: $1\j[31:0]
     4/10: $0\valid[0:0]
     5/10: $0\acc[3][31:0]
     6/10: $0\acc[2][31:0]
     7/10: $0\acc[1][31:0]
     8/10: $0\acc[0][31:0]
     9/10: $0\col_cnt[2:0]
    10/10: $0\state[1:0]
Creating decoders for process `$paramod$4a2008a24899847e3f7dfd7d546e51f962cf3ebc\compute_core.$proc$../../m2/rtl/compute_core.sv:73$468'.
     1/3: $1$memwr$\w_mem$../../m2/rtl/compute_core.sv:75$467_EN[1:0]$474
     2/3: $1$memwr$\w_mem$../../m2/rtl/compute_core.sv:75$467_DATA[1:0]$473
     3/3: $1$memwr$\w_mem$../../m2/rtl/compute_core.sv:75$467_ADDR[31:0]$472
Creating decoders for process `$paramod$a6168edd5940ee4b13b77858963975467dc36b21\spi_slave_ext.$proc$../rtl/spi_slave_ext.sv:90$425'.
     1/29: $3$memwr$\reg_file$../rtl/spi_slave_ext.sv:140$414_EN[7:0]$464
     2/29: $3$memwr$\reg_file$../rtl/spi_slave_ext.sv:140$414_DATA[7:0]$463
     3/29: $3$memwr$\reg_file$../rtl/spi_slave_ext.sv:140$414_ADDR[1:0]$462
     4/29: $2$memwr$\reg_file$../rtl/spi_slave_ext.sv:140$414_EN[7:0]$460
     5/29: $2$memwr$\reg_file$../rtl/spi_slave_ext.sv:140$414_DATA[7:0]$459
     6/29: $2$memwr$\reg_file$../rtl/spi_slave_ext.sv:140$414_ADDR[1:0]$458
     7/29: $2$memwr$\reg_file$../rtl/spi_slave_ext.sv:108$413_EN[7:0]$449
     8/29: $2$memwr$\reg_file$../rtl/spi_slave_ext.sv:108$413_DATA[7:0]$448
     9/29: $2$memwr$\reg_file$../rtl/spi_slave_ext.sv:108$413_ADDR[1:0]$447
    10/29: $1\i[31:0]
    11/29: $1$memwr$\reg_file$../rtl/spi_slave_ext.sv:102$412_EN[7:0]$440
    12/29: $1$memwr$\reg_file$../rtl/spi_slave_ext.sv:102$411_EN[7:0]$439
    13/29: $1$memwr$\reg_file$../rtl/spi_slave_ext.sv:102$410_EN[7:0]$438
    14/29: $1$memwr$\reg_file$../rtl/spi_slave_ext.sv:102$409_EN[7:0]$437
    15/29: $0\bus_wr[0:0]
    16/29: $1$memwr$\reg_file$../rtl/spi_slave_ext.sv:140$414_EN[7:0]$446
    17/29: $1$memwr$\reg_file$../rtl/spi_slave_ext.sv:140$414_DATA[7:0]$445
    18/29: $1$memwr$\reg_file$../rtl/spi_slave_ext.sv:140$414_ADDR[1:0]$444
    19/29: $1$memwr$\reg_file$../rtl/spi_slave_ext.sv:108$413_EN[7:0]$443
    20/29: $1$memwr$\reg_file$../rtl/spi_slave_ext.sv:108$413_DATA[7:0]$442
    21/29: $1$memwr$\reg_file$../rtl/spi_slave_ext.sv:108$413_ADDR[1:0]$441
    22/29: $0\addr_latch[1:0]
    23/29: $0\rw_bit[0:0]
    24/29: $0\bit_cnt[4:0]
    25/29: $0\tx_shift[7:0]
    26/29: $0\rx_shift[15:0]
    27/29: $0\bus_wdata[7:0]
    28/29: $0\bus_addr[1:0]
    29/29: $0\miso[0:0]
Creating decoders for process `$paramod$a6168edd5940ee4b13b77858963975467dc36b21\spi_slave_ext.$proc$../rtl/spi_slave_ext.sv:55$415'.
     1/8: $0\mosi_s1[0:0]
     2/8: $0\mosi_s2[0:0]
     3/8: $0\csn_s3[0:0]
     4/8: $0\csn_s1[0:0]
     5/8: $0\sclk_s3[0:0]
     6/8: $0\sclk_s1[0:0]
     7/8: $0\sclk_s2[0:0]
     8/8: $0\csn_s2[0:0]

5.2.8. Executing PROC_DLATCH pass (convert process syncs to latches).
No latch inferred for signal `\top.\argmax' from process `\top.$proc$../rtl/top.sv:229$332'.
No latch inferred for signal `\top.$memwr$\w_rom$../rtl/top.sv:85$259_EN' from process `\top.$proc$../rtl/top.sv:83$376'.
No latch inferred for signal `\top.$memwr$\w_rom$../rtl/top.sv:85$260_EN' from process `\top.$proc$../rtl/top.sv:83$376'.
No latch inferred for signal `\top.$memwr$\w_rom$../rtl/top.sv:85$261_EN' from process `\top.$proc$../rtl/top.sv:83$376'.
No latch inferred for signal `\top.$memwr$\w_rom$../rtl/top.sv:85$262_EN' from process `\top.$proc$../rtl/top.sv:83$376'.
No latch inferred for signal `\top.$memwr$\w_rom$../rtl/top.sv:86$263_EN' from process `\top.$proc$../rtl/top.sv:83$376'.
No latch inferred for signal `\top.$memwr$\w_rom$../rtl/top.sv:86$264_EN' from process `\top.$proc$../rtl/top.sv:83$376'.
No latch inferred for signal `\top.$memwr$\w_rom$../rtl/top.sv:86$265_EN' from process `\top.$proc$../rtl/top.sv:83$376'.
No latch inferred for signal `\top.$memwr$\w_rom$../rtl/top.sv:86$266_EN' from process `\top.$proc$../rtl/top.sv:83$376'.
No latch inferred for signal `\top.$memwr$\w_rom$../rtl/top.sv:88$267_EN' from process `\top.$proc$../rtl/top.sv:83$376'.
No latch inferred for signal `\top.$memwr$\w_rom$../rtl/top.sv:88$268_EN' from process `\top.$proc$../rtl/top.sv:83$376'.
No latch inferred for signal `\top.$memwr$\w_rom$../rtl/top.sv:88$269_EN' from process `\top.$proc$../rtl/top.sv:83$376'.
No latch inferred for signal `\top.$memwr$\w_rom$../rtl/top.sv:88$270_EN' from process `\top.$proc$../rtl/top.sv:83$376'.
No latch inferred for signal `\top.$memwr$\w_rom$../rtl/top.sv:89$271_EN' from process `\top.$proc$../rtl/top.sv:83$376'.
No latch inferred for signal `\top.$memwr$\w_rom$../rtl/top.sv:89$272_EN' from process `\top.$proc$../rtl/top.sv:83$376'.
No latch inferred for signal `\top.$memwr$\w_rom$../rtl/top.sv:89$273_EN' from process `\top.$proc$../rtl/top.sv:83$376'.
No latch inferred for signal `\top.$memwr$\w_rom$../rtl/top.sv:89$274_EN' from process `\top.$proc$../rtl/top.sv:83$376'.
No latch inferred for signal `\top.$memwr$\w_rom$../rtl/top.sv:91$275_EN' from process `\top.$proc$../rtl/top.sv:83$376'.
No latch inferred for signal `\top.$memwr$\w_rom$../rtl/top.sv:91$276_EN' from process `\top.$proc$../rtl/top.sv:83$376'.
No latch inferred for signal `\top.$memwr$\w_rom$../rtl/top.sv:91$277_EN' from process `\top.$proc$../rtl/top.sv:83$376'.
No latch inferred for signal `\top.$memwr$\w_rom$../rtl/top.sv:91$278_EN' from process `\top.$proc$../rtl/top.sv:83$376'.
No latch inferred for signal `\top.$memwr$\w_rom$../rtl/top.sv:92$279_EN' from process `\top.$proc$../rtl/top.sv:83$376'.
No latch inferred for signal `\top.$memwr$\w_rom$../rtl/top.sv:92$280_EN' from process `\top.$proc$../rtl/top.sv:83$376'.
No latch inferred for signal `\top.$memwr$\w_rom$../rtl/top.sv:92$281_EN' from process `\top.$proc$../rtl/top.sv:83$376'.
No latch inferred for signal `\top.$memwr$\w_rom$../rtl/top.sv:92$282_EN' from process `\top.$proc$../rtl/top.sv:83$376'.
No latch inferred for signal `\top.$memwr$\w_rom$../rtl/top.sv:94$283_EN' from process `\top.$proc$../rtl/top.sv:83$376'.
No latch inferred for signal `\top.$memwr$\w_rom$../rtl/top.sv:94$284_EN' from process `\top.$proc$../rtl/top.sv:83$376'.
No latch inferred for signal `\top.$memwr$\w_rom$../rtl/top.sv:94$285_EN' from process `\top.$proc$../rtl/top.sv:83$376'.
No latch inferred for signal `\top.$memwr$\w_rom$../rtl/top.sv:94$286_EN' from process `\top.$proc$../rtl/top.sv:83$376'.
No latch inferred for signal `\top.$memwr$\w_rom$../rtl/top.sv:95$287_EN' from process `\top.$proc$../rtl/top.sv:83$376'.
No latch inferred for signal `\top.$memwr$\w_rom$../rtl/top.sv:95$288_EN' from process `\top.$proc$../rtl/top.sv:83$376'.
No latch inferred for signal `\top.$memwr$\w_rom$../rtl/top.sv:95$289_EN' from process `\top.$proc$../rtl/top.sv:83$376'.
No latch inferred for signal `\top.$memwr$\w_rom$../rtl/top.sv:95$290_EN' from process `\top.$proc$../rtl/top.sv:83$376'.
No latch inferred for signal `$paramod$4a2008a24899847e3f7dfd7d546e51f962cf3ebc\compute_core.\x_arr[7]' from process `$paramod$4a2008a24899847e3f7dfd7d546e51f962cf3ebc\compute_core.$proc$../../m2/rtl/compute_core.sv:86$510'.
No latch inferred for signal `$paramod$4a2008a24899847e3f7dfd7d546e51f962cf3ebc\compute_core.\x_arr[6]' from process `$paramod$4a2008a24899847e3f7dfd7d546e51f962cf3ebc\compute_core.$proc$../../m2/rtl/compute_core.sv:86$509'.
No latch inferred for signal `$paramod$4a2008a24899847e3f7dfd7d546e51f962cf3ebc\compute_core.\x_arr[5]' from process `$paramod$4a2008a24899847e3f7dfd7d546e51f962cf3ebc\compute_core.$proc$../../m2/rtl/compute_core.sv:86$508'.
No latch inferred for signal `$paramod$4a2008a24899847e3f7dfd7d546e51f962cf3ebc\compute_core.\x_arr[4]' from process `$paramod$4a2008a24899847e3f7dfd7d546e51f962cf3ebc\compute_core.$proc$../../m2/rtl/compute_core.sv:86$507'.
No latch inferred for signal `$paramod$4a2008a24899847e3f7dfd7d546e51f962cf3ebc\compute_core.\x_arr[3]' from process `$paramod$4a2008a24899847e3f7dfd7d546e51f962cf3ebc\compute_core.$proc$../../m2/rtl/compute_core.sv:86$506'.
No latch inferred for signal `$paramod$4a2008a24899847e3f7dfd7d546e51f962cf3ebc\compute_core.\x_arr[2]' from process `$paramod$4a2008a24899847e3f7dfd7d546e51f962cf3ebc\compute_core.$proc$../../m2/rtl/compute_core.sv:86$505'.
No latch inferred for signal `$paramod$4a2008a24899847e3f7dfd7d546e51f962cf3ebc\compute_core.\x_arr[1]' from process `$paramod$4a2008a24899847e3f7dfd7d546e51f962cf3ebc\compute_core.$proc$../../m2/rtl/compute_core.sv:86$504'.
No latch inferred for signal `$paramod$4a2008a24899847e3f7dfd7d546e51f962cf3ebc\compute_core.\x_arr[0]' from process `$paramod$4a2008a24899847e3f7dfd7d546e51f962cf3ebc\compute_core.$proc$../../m2/rtl/compute_core.sv:86$503'.
No latch inferred for signal `$paramod$4a2008a24899847e3f7dfd7d546e51f962cf3ebc\compute_core.$mem2reg_rd$\x_arr$../../m2/rtl/compute_core.sv:103$466_DATA' from process `$paramod$4a2008a24899847e3f7dfd7d546e51f962cf3ebc\compute_core.$proc$../../m2/rtl/compute_core.sv:103$500'.
No latch inferred for signal `$paramod$4a2008a24899847e3f7dfd7d546e51f962cf3ebc\compute_core.$mem2reg_rd$\x_arr$../../m2/rtl/compute_core.sv:103$465_DATA' from process `$paramod$4a2008a24899847e3f7dfd7d546e51f962cf3ebc\compute_core.$proc$../../m2/rtl/compute_core.sv:103$497'.

5.2.9. Executing PROC_DFF pass (convert process syncs to FFs).
Creating register for signal `\top.\w_wr_en' using process `\top.$proc$../rtl/top.sv:110$291'.
  created $dff cell `$procdff$987' with positive edge clock.
Creating register for signal `\top.\w_row' using process `\top.$proc$../rtl/top.sv:110$291'.
  created $dff cell `$procdff$988' with positive edge clock.
Creating register for signal `\top.\w_col' using process `\top.$proc$../rtl/top.sv:110$291'.
  created $dff cell `$procdff$989' with positive edge clock.
Creating register for signal `\top.\w_din' using process `\top.$proc$../rtl/top.sv:110$291'.
  created $dff cell `$procdff$990' with positive edge clock.
Creating register for signal `\top.\weight_init_done' using process `\top.$proc$../rtl/top.sv:110$291'.
  created $dff cell `$procdff$991' with positive edge clock.
Creating register for signal `\top.\init_col' using process `\top.$proc$../rtl/top.sv:110$291'.
  created $dff cell `$procdff$992' with positive edge clock.
Creating register for signal `\top.\init_row' using process `\top.$proc$../rtl/top.sv:110$291'.
  created $dff cell `$procdff$993' with positive edge clock.
Creating register for signal `\top.\feat_buf' using process `\top.$proc$../rtl/top.sv:169$302'.
  created $dff cell `$procdff$994' with positive edge clock.
Creating register for signal `\top.\feat_cnt' using process `\top.$proc$../rtl/top.sv:169$302'.
  created $dff cell `$procdff$995' with positive edge clock.
Creating register for signal `\top.\start_pulse' using process `\top.$proc$../rtl/top.sv:212$327'.
  created $dff cell `$procdff$996' with positive edge clock.
Creating register for signal `\top.\cc_wr' using process `\top.$proc$../rtl/top.sv:245$342'.
  created $dff cell `$procdff$997' with positive edge clock.
Creating register for signal `\top.\cc_addr' using process `\top.$proc$../rtl/top.sv:245$342'.
  created $dff cell `$procdff$998' with positive edge clock.
Creating register for signal `\top.\cc_wdata' using process `\top.$proc$../rtl/top.sv:245$342'.
  created $dff cell `$procdff$999' with positive edge clock.
Creating register for signal `\top.\res_state' using process `\top.$proc$../rtl/top.sv:245$342'.
  created $dff cell `$procdff$1000' with positive edge clock.
Creating register for signal `$paramod$4a2008a24899847e3f7dfd7d546e51f962cf3ebc\compute_core.\valid' using process `$paramod$4a2008a24899847e3f7dfd7d546e51f962cf3ebc\compute_core.$proc$../../m2/rtl/compute_core.sv:106$477'.
  created $dff cell `$procdff$1001' with positive edge clock.
Creating register for signal `$paramod$4a2008a24899847e3f7dfd7d546e51f962cf3ebc\compute_core.\state' using process `$paramod$4a2008a24899847e3f7dfd7d546e51f962cf3ebc\compute_core.$proc$../../m2/rtl/compute_core.sv:106$477'.
  created $dff cell `$procdff$1002' with positive edge clock.
Creating register for signal `$paramod$4a2008a24899847e3f7dfd7d546e51f962cf3ebc\compute_core.\col_cnt' using process `$paramod$4a2008a24899847e3f7dfd7d546e51f962cf3ebc\compute_core.$proc$../../m2/rtl/compute_core.sv:106$477'.
  created $dff cell `$procdff$1003' with positive edge clock.
Creating register for signal `$paramod$4a2008a24899847e3f7dfd7d546e51f962cf3ebc\compute_core.\j' using process `$paramod$4a2008a24899847e3f7dfd7d546e51f962cf3ebc\compute_core.$proc$../../m2/rtl/compute_core.sv:106$477'.
  created $dff cell `$procdff$1004' with positive edge clock.
Creating register for signal `$paramod$4a2008a24899847e3f7dfd7d546e51f962cf3ebc\compute_core.\acc[0]' using process `$paramod$4a2008a24899847e3f7dfd7d546e51f962cf3ebc\compute_core.$proc$../../m2/rtl/compute_core.sv:106$477'.
  created $dff cell `$procdff$1005' with positive edge clock.
Creating register for signal `$paramod$4a2008a24899847e3f7dfd7d546e51f962cf3ebc\compute_core.\acc[1]' using process `$paramod$4a2008a24899847e3f7dfd7d546e51f962cf3ebc\compute_core.$proc$../../m2/rtl/compute_core.sv:106$477'.
  created $dff cell `$procdff$1006' with positive edge clock.
Creating register for signal `$paramod$4a2008a24899847e3f7dfd7d546e51f962cf3ebc\compute_core.\acc[2]' using process `$paramod$4a2008a24899847e3f7dfd7d546e51f962cf3ebc\compute_core.$proc$../../m2/rtl/compute_core.sv:106$477'.
  created $dff cell `$procdff$1007' with positive edge clock.
Creating register for signal `$paramod$4a2008a24899847e3f7dfd7d546e51f962cf3ebc\compute_core.\acc[3]' using process `$paramod$4a2008a24899847e3f7dfd7d546e51f962cf3ebc\compute_core.$proc$../../m2/rtl/compute_core.sv:106$477'.
  created $dff cell `$procdff$1008' with positive edge clock.
Creating register for signal `$paramod$4a2008a24899847e3f7dfd7d546e51f962cf3ebc\compute_core.$memwr$\w_mem$../../m2/rtl/compute_core.sv:75$467_ADDR' using process `$paramod$4a2008a24899847e3f7dfd7d546e51f962cf3ebc\compute_core.$proc$../../m2/rtl/compute_core.sv:73$468'.
  created $dff cell `$procdff$1009' with positive edge clock.
Creating register for signal `$paramod$4a2008a24899847e3f7dfd7d546e51f962cf3ebc\compute_core.$memwr$\w_mem$../../m2/rtl/compute_core.sv:75$467_DATA' using process `$paramod$4a2008a24899847e3f7dfd7d546e51f962cf3ebc\compute_core.$proc$../../m2/rtl/compute_core.sv:73$468'.
  created $dff cell `$procdff$1010' with positive edge clock.
Creating register for signal `$paramod$4a2008a24899847e3f7dfd7d546e51f962cf3ebc\compute_core.$memwr$\w_mem$../../m2/rtl/compute_core.sv:75$467_EN' using process `$paramod$4a2008a24899847e3f7dfd7d546e51f962cf3ebc\compute_core.$proc$../../m2/rtl/compute_core.sv:73$468'.
  created $dff cell `$procdff$1011' with positive edge clock.
Creating register for signal `$paramod$a6168edd5940ee4b13b77858963975467dc36b21\spi_slave_ext.\i' using process `$paramod$a6168edd5940ee4b13b77858963975467dc36b21\spi_slave_ext.$proc$../rtl/spi_slave_ext.sv:90$425'.
  created $dff cell `$procdff$1012' with positive edge clock.
Creating register for signal `$paramod$a6168edd5940ee4b13b77858963975467dc36b21\spi_slave_ext.\miso' using process `$paramod$a6168edd5940ee4b13b77858963975467dc36b21\spi_slave_ext.$proc$../rtl/spi_slave_ext.sv:90$425'.
  created $dff cell `$procdff$1013' with positive edge clock.
Creating register for signal `$paramod$a6168edd5940ee4b13b77858963975467dc36b21\spi_slave_ext.\bus_addr' using process `$paramod$a6168edd5940ee4b13b77858963975467dc36b21\spi_slave_ext.$proc$../rtl/spi_slave_ext.sv:90$425'.
  created $dff cell `$procdff$1014' with positive edge clock.
Creating register for signal `$paramod$a6168edd5940ee4b13b77858963975467dc36b21\spi_slave_ext.\bus_wdata' using process `$paramod$a6168edd5940ee4b13b77858963975467dc36b21\spi_slave_ext.$proc$../rtl/spi_slave_ext.sv:90$425'.
  created $dff cell `$procdff$1015' with positive edge clock.
Creating register for signal `$paramod$a6168edd5940ee4b13b77858963975467dc36b21\spi_slave_ext.\bus_wr' using process `$paramod$a6168edd5940ee4b13b77858963975467dc36b21\spi_slave_ext.$proc$../rtl/spi_slave_ext.sv:90$425'.
  created $dff cell `$procdff$1016' with positive edge clock.
Creating register for signal `$paramod$a6168edd5940ee4b13b77858963975467dc36b21\spi_slave_ext.\rx_shift' using process `$paramod$a6168edd5940ee4b13b77858963975467dc36b21\spi_slave_ext.$proc$../rtl/spi_slave_ext.sv:90$425'.
  created $dff cell `$procdff$1017' with positive edge clock.
Creating register for signal `$paramod$a6168edd5940ee4b13b77858963975467dc36b21\spi_slave_ext.\tx_shift' using process `$paramod$a6168edd5940ee4b13b77858963975467dc36b21\spi_slave_ext.$proc$../rtl/spi_slave_ext.sv:90$425'.
  created $dff cell `$procdff$1018' with positive edge clock.
Creating register for signal `$paramod$a6168edd5940ee4b13b77858963975467dc36b21\spi_slave_ext.\bit_cnt' using process `$paramod$a6168edd5940ee4b13b77858963975467dc36b21\spi_slave_ext.$proc$../rtl/spi_slave_ext.sv:90$425'.
  created $dff cell `$procdff$1019' with positive edge clock.
Creating register for signal `$paramod$a6168edd5940ee4b13b77858963975467dc36b21\spi_slave_ext.\rw_bit' using process `$paramod$a6168edd5940ee4b13b77858963975467dc36b21\spi_slave_ext.$proc$../rtl/spi_slave_ext.sv:90$425'.
  created $dff cell `$procdff$1020' with positive edge clock.
Creating register for signal `$paramod$a6168edd5940ee4b13b77858963975467dc36b21\spi_slave_ext.\addr_latch' using process `$paramod$a6168edd5940ee4b13b77858963975467dc36b21\spi_slave_ext.$proc$../rtl/spi_slave_ext.sv:90$425'.
  created $dff cell `$procdff$1021' with positive edge clock.
Creating register for signal `$paramod$a6168edd5940ee4b13b77858963975467dc36b21\spi_slave_ext.$memwr$\reg_file$../rtl/spi_slave_ext.sv:102$409_EN' using process `$paramod$a6168edd5940ee4b13b77858963975467dc36b21\spi_slave_ext.$proc$../rtl/spi_slave_ext.sv:90$425'.
  created $dff cell `$procdff$1022' with positive edge clock.
Creating register for signal `$paramod$a6168edd5940ee4b13b77858963975467dc36b21\spi_slave_ext.$memwr$\reg_file$../rtl/spi_slave_ext.sv:102$410_EN' using process `$paramod$a6168edd5940ee4b13b77858963975467dc36b21\spi_slave_ext.$proc$../rtl/spi_slave_ext.sv:90$425'.
  created $dff cell `$procdff$1023' with positive edge clock.
Creating register for signal `$paramod$a6168edd5940ee4b13b77858963975467dc36b21\spi_slave_ext.$memwr$\reg_file$../rtl/spi_slave_ext.sv:102$411_EN' using process `$paramod$a6168edd5940ee4b13b77858963975467dc36b21\spi_slave_ext.$proc$../rtl/spi_slave_ext.sv:90$425'.
  created $dff cell `$procdff$1024' with positive edge clock.
Creating register for signal `$paramod$a6168edd5940ee4b13b77858963975467dc36b21\spi_slave_ext.$memwr$\reg_file$../rtl/spi_slave_ext.sv:102$412_EN' using process `$paramod$a6168edd5940ee4b13b77858963975467dc36b21\spi_slave_ext.$proc$../rtl/spi_slave_ext.sv:90$425'.
  created $dff cell `$procdff$1025' with positive edge clock.
Creating register for signal `$paramod$a6168edd5940ee4b13b77858963975467dc36b21\spi_slave_ext.$memwr$\reg_file$../rtl/spi_slave_ext.sv:108$413_ADDR' using process `$paramod$a6168edd5940ee4b13b77858963975467dc36b21\spi_slave_ext.$proc$../rtl/spi_slave_ext.sv:90$425'.
  created $dff cell `$procdff$1026' with positive edge clock.
Creating register for signal `$paramod$a6168edd5940ee4b13b77858963975467dc36b21\spi_slave_ext.$memwr$\reg_file$../rtl/spi_slave_ext.sv:108$413_DATA' using process `$paramod$a6168edd5940ee4b13b77858963975467dc36b21\spi_slave_ext.$proc$../rtl/spi_slave_ext.sv:90$425'.
  created $dff cell `$procdff$1027' with positive edge clock.
Creating register for signal `$paramod$a6168edd5940ee4b13b77858963975467dc36b21\spi_slave_ext.$memwr$\reg_file$../rtl/spi_slave_ext.sv:108$413_EN' using process `$paramod$a6168edd5940ee4b13b77858963975467dc36b21\spi_slave_ext.$proc$../rtl/spi_slave_ext.sv:90$425'.
  created $dff cell `$procdff$1028' with positive edge clock.
Creating register for signal `$paramod$a6168edd5940ee4b13b77858963975467dc36b21\spi_slave_ext.$memwr$\reg_file$../rtl/spi_slave_ext.sv:140$414_ADDR' using process `$paramod$a6168edd5940ee4b13b77858963975467dc36b21\spi_slave_ext.$proc$../rtl/spi_slave_ext.sv:90$425'.
  created $dff cell `$procdff$1029' with positive edge clock.
Creating register for signal `$paramod$a6168edd5940ee4b13b77858963975467dc36b21\spi_slave_ext.$memwr$\reg_file$../rtl/spi_slave_ext.sv:140$414_DATA' using process `$paramod$a6168edd5940ee4b13b77858963975467dc36b21\spi_slave_ext.$proc$../rtl/spi_slave_ext.sv:90$425'.
  created $dff cell `$procdff$1030' with positive edge clock.
Creating register for signal `$paramod$a6168edd5940ee4b13b77858963975467dc36b21\spi_slave_ext.$memwr$\reg_file$../rtl/spi_slave_ext.sv:140$414_EN' using process `$paramod$a6168edd5940ee4b13b77858963975467dc36b21\spi_slave_ext.$proc$../rtl/spi_slave_ext.sv:90$425'.
  created $dff cell `$procdff$1031' with positive edge clock.
Creating register for signal `$paramod$a6168edd5940ee4b13b77858963975467dc36b21\spi_slave_ext.\sclk_s1' using process `$paramod$a6168edd5940ee4b13b77858963975467dc36b21\spi_slave_ext.$proc$../rtl/spi_slave_ext.sv:55$415'.
  created $dff cell `$procdff$1032' with positive edge clock.
Creating register for signal `$paramod$a6168edd5940ee4b13b77858963975467dc36b21\spi_slave_ext.\sclk_s2' using process `$paramod$a6168edd5940ee4b13b77858963975467dc36b21\spi_slave_ext.$proc$../rtl/spi_slave_ext.sv:55$415'.
  created $dff cell `$procdff$1033' with positive edge clock.
Creating register for signal `$paramod$a6168edd5940ee4b13b77858963975467dc36b21\spi_slave_ext.\sclk_s3' using process `$paramod$a6168edd5940ee4b13b77858963975467dc36b21\spi_slave_ext.$proc$../rtl/spi_slave_ext.sv:55$415'.
  created $dff cell `$procdff$1034' with positive edge clock.
Creating register for signal `$paramod$a6168edd5940ee4b13b77858963975467dc36b21\spi_slave_ext.\csn_s1' using process `$paramod$a6168edd5940ee4b13b77858963975467dc36b21\spi_slave_ext.$proc$../rtl/spi_slave_ext.sv:55$415'.
  created $dff cell `$procdff$1035' with positive edge clock.
Creating register for signal `$paramod$a6168edd5940ee4b13b77858963975467dc36b21\spi_slave_ext.\csn_s2' using process `$paramod$a6168edd5940ee4b13b77858963975467dc36b21\spi_slave_ext.$proc$../rtl/spi_slave_ext.sv:55$415'.
  created $dff cell `$procdff$1036' with positive edge clock.
Creating register for signal `$paramod$a6168edd5940ee4b13b77858963975467dc36b21\spi_slave_ext.\csn_s3' using process `$paramod$a6168edd5940ee4b13b77858963975467dc36b21\spi_slave_ext.$proc$../rtl/spi_slave_ext.sv:55$415'.
  created $dff cell `$procdff$1037' with positive edge clock.
Creating register for signal `$paramod$a6168edd5940ee4b13b77858963975467dc36b21\spi_slave_ext.\mosi_s1' using process `$paramod$a6168edd5940ee4b13b77858963975467dc36b21\spi_slave_ext.$proc$../rtl/spi_slave_ext.sv:55$415'.
  created $dff cell `$procdff$1038' with positive edge clock.
Creating register for signal `$paramod$a6168edd5940ee4b13b77858963975467dc36b21\spi_slave_ext.\mosi_s2' using process `$paramod$a6168edd5940ee4b13b77858963975467dc36b21\spi_slave_ext.$proc$../rtl/spi_slave_ext.sv:55$415'.
  created $dff cell `$procdff$1039' with positive edge clock.

5.2.10. Executing PROC_MEMWR pass (convert process memory writes to cells).

5.2.11. Executing PROC_CLEAN pass (remove empty switches from decision trees).
Found and cleaned up 4 empty switches in `\top.$proc$../rtl/top.sv:110$291'.
Removing empty process `top.$proc$../rtl/top.sv:110$291'.
Found and cleaned up 4 empty switches in `\top.$proc$../rtl/top.sv:169$302'.
Removing empty process `top.$proc$../rtl/top.sv:169$302'.
Found and cleaned up 1 empty switch in `\top.$proc$../rtl/top.sv:212$327'.
Removing empty process `top.$proc$../rtl/top.sv:212$327'.
Found and cleaned up 3 empty switches in `\top.$proc$../rtl/top.sv:229$332'.
Removing empty process `top.$proc$../rtl/top.sv:229$332'.
Found and cleaned up 3 empty switches in `\top.$proc$../rtl/top.sv:245$342'.
Removing empty process `top.$proc$../rtl/top.sv:245$342'.
Removing empty process `top.$proc$../rtl/top.sv:83$376'.
Removing empty process `$paramod$4a2008a24899847e3f7dfd7d546e51f962cf3ebc\compute_core.$proc$../../m2/rtl/compute_core.sv:86$510'.
Removing empty process `$paramod$4a2008a24899847e3f7dfd7d546e51f962cf3ebc\compute_core.$proc$../../m2/rtl/compute_core.sv:86$509'.
Removing empty process `$paramod$4a2008a24899847e3f7dfd7d546e51f962cf3ebc\compute_core.$proc$../../m2/rtl/compute_core.sv:86$508'.
Removing empty process `$paramod$4a2008a24899847e3f7dfd7d546e51f962cf3ebc\compute_core.$proc$../../m2/rtl/compute_core.sv:86$507'.
Removing empty process `$paramod$4a2008a24899847e3f7dfd7d546e51f962cf3ebc\compute_core.$proc$../../m2/rtl/compute_core.sv:86$506'.
Removing empty process `$paramod$4a2008a24899847e3f7dfd7d546e51f962cf3ebc\compute_core.$proc$../../m2/rtl/compute_core.sv:86$505'.
Removing empty process `$paramod$4a2008a24899847e3f7dfd7d546e51f962cf3ebc\compute_core.$proc$../../m2/rtl/compute_core.sv:86$504'.
Removing empty process `$paramod$4a2008a24899847e3f7dfd7d546e51f962cf3ebc\compute_core.$proc$../../m2/rtl/compute_core.sv:86$503'.
Found and cleaned up 1 empty switch in `$paramod$4a2008a24899847e3f7dfd7d546e51f962cf3ebc\compute_core.$proc$../../m2/rtl/compute_core.sv:103$500'.
Removing empty process `$paramod$4a2008a24899847e3f7dfd7d546e51f962cf3ebc\compute_core.$proc$../../m2/rtl/compute_core.sv:103$500'.
Found and cleaned up 1 empty switch in `$paramod$4a2008a24899847e3f7dfd7d546e51f962cf3ebc\compute_core.$proc$../../m2/rtl/compute_core.sv:103$497'.
Removing empty process `$paramod$4a2008a24899847e3f7dfd7d546e51f962cf3ebc\compute_core.$proc$../../m2/rtl/compute_core.sv:103$497'.
Found and cleaned up 8 empty switches in `$paramod$4a2008a24899847e3f7dfd7d546e51f962cf3ebc\compute_core.$proc$../../m2/rtl/compute_core.sv:106$477'.
Removing empty process `$paramod$4a2008a24899847e3f7dfd7d546e51f962cf3ebc\compute_core.$proc$../../m2/rtl/compute_core.sv:106$477'.
Found and cleaned up 1 empty switch in `$paramod$4a2008a24899847e3f7dfd7d546e51f962cf3ebc\compute_core.$proc$../../m2/rtl/compute_core.sv:73$468'.
Removing empty process `$paramod$4a2008a24899847e3f7dfd7d546e51f962cf3ebc\compute_core.$proc$../../m2/rtl/compute_core.sv:73$468'.
Found and cleaned up 9 empty switches in `$paramod$a6168edd5940ee4b13b77858963975467dc36b21\spi_slave_ext.$proc$../rtl/spi_slave_ext.sv:90$425'.
Removing empty process `$paramod$a6168edd5940ee4b13b77858963975467dc36b21\spi_slave_ext.$proc$../rtl/spi_slave_ext.sv:90$425'.
Found and cleaned up 1 empty switch in `$paramod$a6168edd5940ee4b13b77858963975467dc36b21\spi_slave_ext.$proc$../rtl/spi_slave_ext.sv:55$415'.
Removing empty process `$paramod$a6168edd5940ee4b13b77858963975467dc36b21\spi_slave_ext.$proc$../rtl/spi_slave_ext.sv:55$415'.
Cleaned up 36 empty switches.

5.2.12. Executing OPT_EXPR pass (perform const folding).
Optimizing module top.
<suppressed ~29 debug messages>
Optimizing module $paramod$4a2008a24899847e3f7dfd7d546e51f962cf3ebc\compute_core.
<suppressed ~20 debug messages>
Optimizing module $paramod$a6168edd5940ee4b13b77858963975467dc36b21\spi_slave_ext.
<suppressed ~43 debug messages>

5.3. Executing CHECK pass (checking for obvious problems).
Checking module top...
Warning: Wire top.$bitselwrite$pos$../rtl/top.sv:174$258 [31] is used but has no driver.
Warning: Wire top.$bitselwrite$pos$../rtl/top.sv:174$258 [30] is used but has no driver.
Warning: Wire top.$bitselwrite$pos$../rtl/top.sv:174$258 [29] is used but has no driver.
Warning: Wire top.$bitselwrite$pos$../rtl/top.sv:174$258 [28] is used but has no driver.
Warning: Wire top.$bitselwrite$pos$../rtl/top.sv:174$258 [27] is used but has no driver.
Warning: Wire top.$bitselwrite$pos$../rtl/top.sv:174$258 [26] is used but has no driver.
Warning: Wire top.$bitselwrite$pos$../rtl/top.sv:174$258 [25] is used but has no driver.
Warning: Wire top.$bitselwrite$pos$../rtl/top.sv:174$258 [24] is used but has no driver.
Warning: Wire top.$bitselwrite$pos$../rtl/top.sv:174$258 [23] is used but has no driver.
Warning: Wire top.$bitselwrite$pos$../rtl/top.sv:174$258 [22] is used but has no driver.
Warning: Wire top.$bitselwrite$pos$../rtl/top.sv:174$258 [21] is used but has no driver.
Warning: Wire top.$bitselwrite$pos$../rtl/top.sv:174$258 [20] is used but has no driver.
Warning: Wire top.$bitselwrite$pos$../rtl/top.sv:174$258 [19] is used but has no driver.
Warning: Wire top.$bitselwrite$pos$../rtl/top.sv:174$258 [18] is used but has no driver.
Warning: Wire top.$bitselwrite$pos$../rtl/top.sv:174$258 [17] is used but has no driver.
Warning: Wire top.$bitselwrite$pos$../rtl/top.sv:174$258 [16] is used but has no driver.
Warning: Wire top.$bitselwrite$pos$../rtl/top.sv:174$258 [15] is used but has no driver.
Warning: Wire top.$bitselwrite$pos$../rtl/top.sv:174$258 [14] is used but has no driver.
Warning: Wire top.$bitselwrite$pos$../rtl/top.sv:174$258 [13] is used but has no driver.
Warning: Wire top.$bitselwrite$pos$../rtl/top.sv:174$258 [12] is used but has no driver.
Warning: Wire top.$bitselwrite$pos$../rtl/top.sv:174$258 [11] is used but has no driver.
Warning: Wire top.$bitselwrite$pos$../rtl/top.sv:174$258 [10] is used but has no driver.
Warning: Wire top.$bitselwrite$pos$../rtl/top.sv:174$258 [9] is used but has no driver.
Warning: Wire top.$bitselwrite$pos$../rtl/top.sv:174$258 [8] is used but has no driver.
Warning: Wire top.$bitselwrite$pos$../rtl/top.sv:174$258 [7] is used but has no driver.
Warning: Wire top.$bitselwrite$pos$../rtl/top.sv:174$258 [6] is used but has no driver.
Warning: Wire top.$bitselwrite$pos$../rtl/top.sv:174$258 [5] is used but has no driver.
Warning: Wire top.$bitselwrite$pos$../rtl/top.sv:174$258 [4] is used but has no driver.
Warning: Wire top.$bitselwrite$pos$../rtl/top.sv:174$258 [3] is used but has no driver.
Warning: Wire top.$bitselwrite$pos$../rtl/top.sv:174$258 [2] is used but has no driver.
Warning: Wire top.$bitselwrite$pos$../rtl/top.sv:174$258 [1] is used but has no driver.
Warning: Wire top.$bitselwrite$pos$../rtl/top.sv:174$258 [0] is used but has no driver.
Checking module $paramod$4a2008a24899847e3f7dfd7d546e51f962cf3ebc\compute_core...
Checking module $paramod$a6168edd5940ee4b13b77858963975467dc36b21\spi_slave_ext...
Found and reported 32 problems.

5.4. Executing FLATTEN pass (flatten design).
Deleting now unused module $paramod$4a2008a24899847e3f7dfd7d546e51f962cf3ebc\compute_core.
Deleting now unused module $paramod$a6168edd5940ee4b13b77858963975467dc36b21\spi_slave_ext.
<suppressed ~2 debug messages>

5.5. Executing OPT_EXPR pass (perform const folding).
Optimizing module top.
<suppressed ~14 debug messages>

5.6. Executing OPT_CLEAN pass (remove unused cells and wires).
Finding unused cells or wires in module \top..
Removed 36 unused cells and 356 unused wires.
<suppressed ~43 debug messages>

5.7. Executing CHECK pass (checking for obvious problems).
Checking module top...
Found and reported 0 problems.

5.8. Executing OPT pass (performing simple optimizations).

5.8.1. Executing OPT_EXPR pass (perform const folding).
Optimizing module top.

5.8.2. Executing OPT_MERGE pass (detect identical cells).
Finding identical cells in module `\top'.
Computing hashes of 330 cells of `\top'.
Finding duplicate cells in `\top'.
Computing hashes of 303 cells of `\top'.
Finding duplicate cells in `\top'.
<suppressed ~81 debug messages>
Removed a total of 27 cells.

5.8.3. Executing OPT_MUXTREE pass (detect dead branches in mux trees).
Running muxtree optimizer on module \top..
  Creating internal representation of mux trees.
  Evaluating internal representation of mux trees.
      Replacing known input bits on port B of cell $procmux$551: \weight_init_done -> 1'1
      Replacing known input bits on port A of cell $procmux$549: \weight_init_done -> 1'0
      Replacing known input bits on port A of cell $procmux$547: \weight_init_done -> 1'0
  Analyzing evaluation results.
    dead port 2/2 on $mux $flatten\u_spi.$procmux$853.
    dead port 2/2 on $mux $flatten\u_spi.$procmux$847.
    dead port 2/2 on $mux $flatten\u_spi.$procmux$841.
    dead port 2/2 on $mux $flatten\u_spi.$procmux$835.
    dead port 2/2 on $mux $flatten\u_spi.$procmux$829.
    dead port 2/2 on $mux $flatten\u_spi.$procmux$823.
    dead port 2/2 on $mux $flatten\u_spi.$procmux$817.
    dead port 2/2 on $mux $flatten\u_spi.$procmux$814.
    dead port 2/2 on $mux $flatten\u_spi.$procmux$808.
    dead port 2/2 on $mux $flatten\u_spi.$procmux$805.
    dead port 2/2 on $mux $flatten\u_spi.$procmux$799.
    dead port 2/2 on $mux $flatten\u_spi.$procmux$796.
    dead port 2/2 on $mux $procmux$578.
Removed 13 multiplexer ports.
<suppressed ~203 debug messages>

5.8.4. Executing OPT_REDUCE pass (consolidate $*mux and $reduce_* inputs).
  Optimizing cells in module \top.
    Consolidated identical input bits for $mux cell $flatten\u_spi.$procmux$859:
      Old ports: A=8'11111111, B=8'00000000, Y=$flatten\u_spi.$0$memwr$\reg_file$../rtl/spi_slave_ext.sv:102$412_EN[7:0]$429
      New ports: A=1'1, B=1'0, Y=$flatten\u_spi.$0$memwr$\reg_file$../rtl/spi_slave_ext.sv:102$412_EN[7:0]$429 [0]
      New connections: $flatten\u_spi.$0$memwr$\reg_file$../rtl/spi_slave_ext.sv:102$412_EN[7:0]$429 [7:1] = { $flatten\u_spi.$0$memwr$\reg_file$../rtl/spi_slave_ext.sv:102$412_EN[7:0]$429 [0] $flatten\u_spi.$0$memwr$\reg_file$../rtl/spi_slave_ext.sv:102$412_EN[7:0]$429 [0] $flatten\u_spi.$0$memwr$\reg_file$../rtl/spi_slave_ext.sv:102$412_EN[7:0]$429 [0] $flatten\u_spi.$0$memwr$\reg_file$../rtl/spi_slave_ext.sv:102$412_EN[7:0]$429 [0] $flatten\u_spi.$0$memwr$\reg_file$../rtl/spi_slave_ext.sv:102$412_EN[7:0]$429 [0] $flatten\u_spi.$0$memwr$\reg_file$../rtl/spi_slave_ext.sv:102$412_EN[7:0]$429 [0] $flatten\u_spi.$0$memwr$\reg_file$../rtl/spi_slave_ext.sv:102$412_EN[7:0]$429 [0] }
    Consolidated identical input bits for $mux cell $flatten\u_spi.$procmux$838:
      Old ports: A=8'00000000, B=8'11111111, Y=$flatten\u_spi.$procmux$838_Y
      New ports: A=1'0, B=1'1, Y=$flatten\u_spi.$procmux$838_Y [0]
      New connections: $flatten\u_spi.$procmux$838_Y [7:1] = { $flatten\u_spi.$procmux$838_Y [0] $flatten\u_spi.$procmux$838_Y [0] $flatten\u_spi.$procmux$838_Y [0] $flatten\u_spi.$procmux$838_Y [0] $flatten\u_spi.$procmux$838_Y [0] $flatten\u_spi.$procmux$838_Y [0] $flatten\u_spi.$procmux$838_Y [0] }
    Consolidated identical input bits for $mux cell $flatten\u_core.$procmux$784:
      Old ports: A=2'00, B=2'11, Y=$flatten\u_core.$0$memwr$\w_mem$../../m2/rtl/compute_core.sv:75$467_EN[1:0]$471
      New ports: A=1'0, B=1'1, Y=$flatten\u_core.$0$memwr$\w_mem$../../m2/rtl/compute_core.sv:75$467_EN[1:0]$471 [0]
      New connections: $flatten\u_core.$0$memwr$\w_mem$../../m2/rtl/compute_core.sv:75$467_EN[1:0]$471 [1] = $flatten\u_core.$0$memwr$\w_mem$../../m2/rtl/compute_core.sv:75$467_EN[1:0]$471 [0]
    Consolidated identical input bits for $mux cell $flatten\u_spi.$procmux$794:
      Old ports: A=8'11111111, B=8'00000000, Y=$flatten\u_spi.$procmux$794_Y
      New ports: A=1'1, B=1'0, Y=$flatten\u_spi.$procmux$794_Y [0]
      New connections: $flatten\u_spi.$procmux$794_Y [7:1] = { $flatten\u_spi.$procmux$794_Y [0] $flatten\u_spi.$procmux$794_Y [0] $flatten\u_spi.$procmux$794_Y [0] $flatten\u_spi.$procmux$794_Y [0] $flatten\u_spi.$procmux$794_Y [0] $flatten\u_spi.$procmux$794_Y [0] $flatten\u_spi.$procmux$794_Y [0] }
    Consolidated identical input bits for $mux cell $flatten\u_spi.$procmux$862:
      Old ports: A=8'11111111, B=8'00000000, Y=$flatten\u_spi.$0$memwr$\reg_file$../rtl/spi_slave_ext.sv:102$411_EN[7:0]$428
      New ports: A=1'1, B=1'0, Y=$flatten\u_spi.$0$memwr$\reg_file$../rtl/spi_slave_ext.sv:102$411_EN[7:0]$428 [0]
      New connections: $flatten\u_spi.$0$memwr$\reg_file$../rtl/spi_slave_ext.sv:102$411_EN[7:0]$428 [7:1] = { $flatten\u_spi.$0$memwr$\reg_file$../rtl/spi_slave_ext.sv:102$411_EN[7:0]$428 [0] $flatten\u_spi.$0$memwr$\reg_file$../rtl/spi_slave_ext.sv:102$411_EN[7:0]$428 [0] $flatten\u_spi.$0$memwr$\reg_file$../rtl/spi_slave_ext.sv:102$411_EN[7:0]$428 [0] $flatten\u_spi.$0$memwr$\reg_file$../rtl/spi_slave_ext.sv:102$411_EN[7:0]$428 [0] $flatten\u_spi.$0$memwr$\reg_file$../rtl/spi_slave_ext.sv:102$411_EN[7:0]$428 [0] $flatten\u_spi.$0$memwr$\reg_file$../rtl/spi_slave_ext.sv:102$411_EN[7:0]$428 [0] $flatten\u_spi.$0$memwr$\reg_file$../rtl/spi_slave_ext.sv:102$411_EN[7:0]$428 [0] }
    Consolidated identical input bits for $mux cell $flatten\u_spi.$procmux$865:
      Old ports: A=8'11111111, B=8'00000000, Y=$flatten\u_spi.$0$memwr$\reg_file$../rtl/spi_slave_ext.sv:102$410_EN[7:0]$427
      New ports: A=1'1, B=1'0, Y=$flatten\u_spi.$0$memwr$\reg_file$../rtl/spi_slave_ext.sv:102$410_EN[7:0]$427 [0]
      New connections: $flatten\u_spi.$0$memwr$\reg_file$../rtl/spi_slave_ext.sv:102$410_EN[7:0]$427 [7:1] = { $flatten\u_spi.$0$memwr$\reg_file$../rtl/spi_slave_ext.sv:102$410_EN[7:0]$427 [0] $flatten\u_spi.$0$memwr$\reg_file$../rtl/spi_slave_ext.sv:102$410_EN[7:0]$427 [0] $flatten\u_spi.$0$memwr$\reg_file$../rtl/spi_slave_ext.sv:102$410_EN[7:0]$427 [0] $flatten\u_spi.$0$memwr$\reg_file$../rtl/spi_slave_ext.sv:102$410_EN[7:0]$427 [0] $flatten\u_spi.$0$memwr$\reg_file$../rtl/spi_slave_ext.sv:102$410_EN[7:0]$427 [0] $flatten\u_spi.$0$memwr$\reg_file$../rtl/spi_slave_ext.sv:102$410_EN[7:0]$427 [0] $flatten\u_spi.$0$memwr$\reg_file$../rtl/spi_slave_ext.sv:102$410_EN[7:0]$427 [0] }
    Consolidated identical input bits for $mux cell $flatten\u_spi.$procmux$868:
      Old ports: A=8'11111111, B=8'00000000, Y=$flatten\u_spi.$0$memwr$\reg_file$../rtl/spi_slave_ext.sv:102$409_EN[7:0]$426
      New ports: A=1'1, B=1'0, Y=$flatten\u_spi.$0$memwr$\reg_file$../rtl/spi_slave_ext.sv:102$409_EN[7:0]$426 [0]
      New connections: $flatten\u_spi.$0$memwr$\reg_file$../rtl/spi_slave_ext.sv:102$409_EN[7:0]$426 [7:1] = { $flatten\u_spi.$0$memwr$\reg_file$../rtl/spi_slave_ext.sv:102$409_EN[7:0]$426 [0] $flatten\u_spi.$0$memwr$\reg_file$../rtl/spi_slave_ext.sv:102$409_EN[7:0]$426 [0] $flatten\u_spi.$0$memwr$\reg_file$../rtl/spi_slave_ext.sv:102$409_EN[7:0]$426 [0] $flatten\u_spi.$0$memwr$\reg_file$../rtl/spi_slave_ext.sv:102$409_EN[7:0]$426 [0] $flatten\u_spi.$0$memwr$\reg_file$../rtl/spi_slave_ext.sv:102$409_EN[7:0]$426 [0] $flatten\u_spi.$0$memwr$\reg_file$../rtl/spi_slave_ext.sv:102$409_EN[7:0]$426 [0] $flatten\u_spi.$0$memwr$\reg_file$../rtl/spi_slave_ext.sv:102$409_EN[7:0]$426 [0] }
  Optimizing cells in module \top.
    Consolidated identical input bits for $mux cell $flatten\u_spi.$procmux$889:
      Old ports: A=8'00000000, B=$flatten\u_spi.$2$memwr$\reg_file$../rtl/spi_slave_ext.sv:108$413_EN[7:0]$449, Y=$flatten\u_spi.$0$memwr$\reg_file$../rtl/spi_slave_ext.sv:108$413_EN[7:0]$432
      New ports: A=1'0, B=$flatten\u_spi.$procmux$838_Y [0], Y=$flatten\u_spi.$0$memwr$\reg_file$../rtl/spi_slave_ext.sv:108$413_EN[7:0]$432 [0]
      New connections: $flatten\u_spi.$0$memwr$\reg_file$../rtl/spi_slave_ext.sv:108$413_EN[7:0]$432 [7:1] = { $flatten\u_spi.$0$memwr$\reg_file$../rtl/spi_slave_ext.sv:108$413_EN[7:0]$432 [0] $flatten\u_spi.$0$memwr$\reg_file$../rtl/spi_slave_ext.sv:108$413_EN[7:0]$432 [0] $flatten\u_spi.$0$memwr$\reg_file$../rtl/spi_slave_ext.sv:108$413_EN[7:0]$432 [0] $flatten\u_spi.$0$memwr$\reg_file$../rtl/spi_slave_ext.sv:108$413_EN[7:0]$432 [0] $flatten\u_spi.$0$memwr$\reg_file$../rtl/spi_slave_ext.sv:108$413_EN[7:0]$432 [0] $flatten\u_spi.$0$memwr$\reg_file$../rtl/spi_slave_ext.sv:108$413_EN[7:0]$432 [0] $flatten\u_spi.$0$memwr$\reg_file$../rtl/spi_slave_ext.sv:108$413_EN[7:0]$432 [0] }
    Consolidated identical input bits for $mux cell $flatten\u_spi.$procmux$820:
      Old ports: A=8'00000000, B=$flatten\u_spi.$3$memwr$\reg_file$../rtl/spi_slave_ext.sv:140$414_EN[7:0]$464, Y=$flatten\u_spi.$procmux$820_Y
      New ports: A=1'0, B=$flatten\u_spi.$procmux$794_Y [0], Y=$flatten\u_spi.$procmux$820_Y [0]
      New connections: $flatten\u_spi.$procmux$820_Y [7:1] = { $flatten\u_spi.$procmux$820_Y [0] $flatten\u_spi.$procmux$820_Y [0] $flatten\u_spi.$procmux$820_Y [0] $flatten\u_spi.$procmux$820_Y [0] $flatten\u_spi.$procmux$820_Y [0] $flatten\u_spi.$procmux$820_Y [0] $flatten\u_spi.$procmux$820_Y [0] }
  Optimizing cells in module \top.
    Consolidated identical input bits for $mux cell $flatten\u_spi.$procmux$880:
      Old ports: A=8'00000000, B=$flatten\u_spi.$2$memwr$\reg_file$../rtl/spi_slave_ext.sv:140$414_EN[7:0]$460, Y=$flatten\u_spi.$0$memwr$\reg_file$../rtl/spi_slave_ext.sv:140$414_EN[7:0]$435
      New ports: A=1'0, B=$flatten\u_spi.$procmux$820_Y [0], Y=$flatten\u_spi.$0$memwr$\reg_file$../rtl/spi_slave_ext.sv:140$414_EN[7:0]$435 [0]
      New connections: $flatten\u_spi.$0$memwr$\reg_file$../rtl/spi_slave_ext.sv:140$414_EN[7:0]$435 [7:1] = { $flatten\u_spi.$0$memwr$\reg_file$../rtl/spi_slave_ext.sv:140$414_EN[7:0]$435 [0] $flatten\u_spi.$0$memwr$\reg_file$../rtl/spi_slave_ext.sv:140$414_EN[7:0]$435 [0] $flatten\u_spi.$0$memwr$\reg_file$../rtl/spi_slave_ext.sv:140$414_EN[7:0]$435 [0] $flatten\u_spi.$0$memwr$\reg_file$../rtl/spi_slave_ext.sv:140$414_EN[7:0]$435 [0] $flatten\u_spi.$0$memwr$\reg_file$../rtl/spi_slave_ext.sv:140$414_EN[7:0]$435 [0] $flatten\u_spi.$0$memwr$\reg_file$../rtl/spi_slave_ext.sv:140$414_EN[7:0]$435 [0] $flatten\u_spi.$0$memwr$\reg_file$../rtl/spi_slave_ext.sv:140$414_EN[7:0]$435 [0] }
  Optimizing cells in module \top.
Performed a total of 10 changes.

5.8.5. Executing OPT_MERGE pass (detect identical cells).
Finding identical cells in module `\top'.
Computing hashes of 290 cells of `\top'.
Finding duplicate cells in `\top'.
Computing hashes of 285 cells of `\top'.
Finding duplicate cells in `\top'.
Computing hashes of 284 cells of `\top'.
Finding duplicate cells in `\top'.
Computing hashes of 283 cells of `\top'.
Finding duplicate cells in `\top'.
<suppressed ~21 debug messages>
Removed a total of 7 cells.

5.8.6. Executing OPT_DFF pass (perform DFF optimizations).

5.8.7. Executing OPT_CLEAN pass (remove unused cells and wires).
Finding unused cells or wires in module \top..
Removed 0 unused cells and 47 unused wires.
<suppressed ~1 debug messages>

5.8.8. Executing OPT_EXPR pass (perform const folding).
Optimizing module top.

5.8.9. Rerunning OPT passes. (Maybe there is more to do..)

5.8.10. Executing OPT_MUXTREE pass (detect dead branches in mux trees).
Running muxtree optimizer on module \top..
  Creating internal representation of mux trees.
  Evaluating internal representation of mux trees.
  Analyzing evaluation results.
Removed 0 multiplexer ports.
<suppressed ~178 debug messages>

5.8.11. Executing OPT_REDUCE pass (consolidate $*mux and $reduce_* inputs).
  Optimizing cells in module \top.
Performed a total of 0 changes.

5.8.12. Executing OPT_MERGE pass (detect identical cells).
Finding identical cells in module `\top'.
Computing hashes of 283 cells of `\top'.
Finding duplicate cells in `\top'.
Removed a total of 0 cells.

5.8.13. Executing OPT_DFF pass (perform DFF optimizations).

5.8.14. Executing OPT_CLEAN pass (remove unused cells and wires).
Finding unused cells or wires in module \top..

5.8.15. Executing OPT_EXPR pass (perform const folding).
Optimizing module top.

5.8.16. Finished fast OPT passes. (There is nothing left to do.)

5.9. Executing FSM pass (extract and optimize FSM).

5.9.1. Executing FSM_DETECT pass (finding FSMs in design).
Found FSM state register top.u_core.state.
Not marking top.cc_addr as FSM state register:
    Users of register don't seem to benefit from recoding.
Not marking top.cc_wdata as FSM state register:
    Users of register don't seem to benefit from recoding.
Found FSM state register top.res_state.

5.9.2. Executing FSM_EXTRACT pass (extracting FSM from design).
Extracting FSM `\u_core.state' from module `\top'.
  found $dff cell for state register: $flatten\u_core.$procdff$1002
  root of input selection tree: $flatten\u_core.$0\state[1:0]
  found reset state: 2'00 (guessed from mux tree)
  found ctrl input: \rst_n
  found state code: 2'00
  found ctrl input: $flatten\u_core.$procmux$702_CMP
  found ctrl input: $flatten\u_core.$procmux$706_CMP
  found ctrl input: $flatten\u_core.$eq$../../m2/rtl/compute_core.sv:134$495_Y
  found state code: 2'10
  found ctrl input: \start_pulse
  found state code: 2'01
  found ctrl output: $flatten\u_core.$procmux$706_CMP
  found ctrl output: $flatten\u_core.$procmux$702_CMP
  found ctrl output: $flatten\u_core.$procmux$691_CMP
  ctrl inputs: { $flatten\u_core.$eq$../../m2/rtl/compute_core.sv:134$495_Y \start_pulse \rst_n }
  ctrl outputs: { $flatten\u_core.$0\state[1:0] $flatten\u_core.$procmux$691_CMP $flatten\u_core.$procmux$702_CMP $flatten\u_core.$procmux$706_CMP }
  transition:       2'00 3'--0 ->       2'00 5'00001
  transition:       2'00 3'-01 ->       2'00 5'00001
  transition:       2'00 3'-11 ->       2'01 5'01001
  transition:       2'10 3'--0 ->       2'00 5'00100
  transition:       2'10 3'--1 ->       2'00 5'00100
  transition:       2'01 3'--0 ->       2'00 5'00010
  transition:       2'01 3'0-1 ->       2'01 5'01010
  transition:       2'01 3'1-1 ->       2'10 5'10010
Extracting FSM `\res_state' from module `\top'.
  found $dff cell for state register: $procdff$1000
  root of input selection tree: $0\res_state[1:0]
  found reset state: 2'00 (guessed from mux tree)
  found ctrl input: \rst_n
  found state code: 2'00
  found ctrl input: $procmux$618_CMP
  found ctrl input: \u_core.valid
  found state code: 2'10
  found ctrl output: $procmux$615_CMP
  found ctrl output: $procmux$618_CMP
  ctrl inputs: { \u_core.valid \rst_n }
  ctrl outputs: { $procmux$618_CMP $procmux$615_CMP $0\res_state[1:0] }
  transition:       2'00 2'-0 ->       2'00 4'1000
  transition:       2'00 2'01 ->       2'00 4'1000
  transition:       2'00 2'11 ->       2'10 4'1010
  transition:       2'10 2'-0 ->       2'00 4'0100
  transition:       2'10 2'-1 ->       2'00 4'0100

5.9.3. Executing FSM_OPT pass (simple optimizations of FSMs).
Optimizing FSM `$fsm$\res_state$1054' from module `\top'.
  Merging pattern 2'-0 and 2'-1 from group (1 0 4'0100).
  Merging pattern 2'-1 and 2'-0 from group (1 0 4'0100).
Optimizing FSM `$fsm$\u_core.state$1049' from module `\top'.
  Merging pattern 3'--0 and 3'--1 from group (1 0 5'00100).
  Merging pattern 3'--1 and 3'--0 from group (1 0 5'00100).

5.9.4. Executing OPT_CLEAN pass (remove unused cells and wires).
Finding unused cells or wires in module \top..
Removed 14 unused cells and 14 unused wires.
<suppressed ~15 debug messages>

5.9.5. Executing FSM_OPT pass (simple optimizations of FSMs).
Optimizing FSM `$fsm$\u_core.state$1049' from module `\top'.
  Removing unused output signal $flatten\u_core.$0\state[1:0] [0].
  Removing unused output signal $flatten\u_core.$0\state[1:0] [1].
Optimizing FSM `$fsm$\res_state$1054' from module `\top'.
  Removing unused output signal $0\res_state[1:0] [0].
  Removing unused output signal $0\res_state[1:0] [1].

5.9.6. Executing FSM_RECODE pass (re-assigning FSM state encoding).
Recoding FSM `$fsm$\u_core.state$1049' from module `\top' using `auto' encoding:
  mapping auto encoding to `one-hot` for this FSM.
  00 -> --1
  10 -> -1-
  01 -> 1--
Recoding FSM `$fsm$\res_state$1054' from module `\top' using `auto' encoding:
  mapping auto encoding to `one-hot` for this FSM.
  00 -> -1
  10 -> 1-

5.9.7. Executing FSM_INFO pass (dumping all available information on FSM cells).

FSM `$fsm$\u_core.state$1049' from module `top':
-------------------------------------

  Information on FSM $fsm$\u_core.state$1049 (\u_core.state):

  Number of input signals:    3
  Number of output signals:   3
  Number of state bits:       3

  Input signals:
    0: \rst_n
    1: \start_pulse
    2: $flatten\u_core.$eq$../../m2/rtl/compute_core.sv:134$495_Y

  Output signals:
    0: $flatten\u_core.$procmux$706_CMP
    1: $flatten\u_core.$procmux$702_CMP
    2: $flatten\u_core.$procmux$691_CMP

  State encoding:
    0:      3'--1  <RESET STATE>
    1:      3'-1-
    2:      3'1--

  Transition Table (state_in, ctrl_in, state_out, ctrl_out):
      0:     0 3'--0   ->     0 3'001
      1:     0 3'-01   ->     0 3'001
      2:     0 3'-11   ->     2 3'001
      3:     1 3'---   ->     0 3'100
      4:     2 3'--0   ->     0 3'010
      5:     2 3'1-1   ->     1 3'010
      6:     2 3'0-1   ->     2 3'010

-------------------------------------

FSM `$fsm$\res_state$1054' from module `top':
-------------------------------------

  Information on FSM $fsm$\res_state$1054 (\res_state):

  Number of input signals:    2
  Number of output signals:   2
  Number of state bits:       2

  Input signals:
    0: \rst_n
    1: \u_core.valid

  Output signals:
    0: $procmux$615_CMP
    1: $procmux$618_CMP

  State encoding:
    0:       2'-1  <RESET STATE>
    1:       2'1-

  Transition Table (state_in, ctrl_in, state_out, ctrl_out):
      0:     0 2'-0   ->     0 2'10
      1:     0 2'01   ->     0 2'10
      2:     0 2'11   ->     1 2'10
      3:     1 2'--   ->     0 2'01

-------------------------------------

5.9.8. Executing FSM_MAP pass (mapping FSMs to basic logic).
Mapping FSM `$fsm$\u_core.state$1049' from module `\top'.
Mapping FSM `$fsm$\res_state$1054' from module `\top'.

5.10. Executing OPT pass (performing simple optimizations).

5.10.1. Executing OPT_EXPR pass (perform const folding).
Optimizing module top.
<suppressed ~2 debug messages>

5.10.2. Executing OPT_MERGE pass (detect identical cells).
Finding identical cells in module `\top'.
Computing hashes of 287 cells of `\top'.
Finding duplicate cells in `\top'.
Computing hashes of 286 cells of `\top'.
Finding duplicate cells in `\top'.
<suppressed ~3 debug messages>
Removed a total of 1 cells.

5.10.3. Executing OPT_MUXTREE pass (detect dead branches in mux trees).
Running muxtree optimizer on module \top..
  Creating internal representation of mux trees.
  Evaluating internal representation of mux trees.
  Analyzing evaluation results.
Removed 0 multiplexer ports.
<suppressed ~169 debug messages>

5.10.4. Executing OPT_REDUCE pass (consolidate $*mux and $reduce_* inputs).
  Optimizing cells in module \top.
Performed a total of 0 changes.

5.10.5. Executing OPT_MERGE pass (detect identical cells).
Finding identical cells in module `\top'.
Computing hashes of 286 cells of `\top'.
Finding duplicate cells in `\top'.
Removed a total of 0 cells.

5.10.6. Executing OPT_DFF pass (perform DFF optimizations).
Adding SRST signal on $flatten\u_spi.$procdff$1013 ($dff) from module top (D = $flatten\u_spi.$procmux$958_Y, Q = \u_spi.miso, rval = 1'0).
Adding EN signal on $auto$ff.cc:337:slice$1095 ($sdff) from module top (D = $flatten\u_spi.$procmux$956_Y, Q = \u_spi.miso).
Adding SRST signal on $flatten\u_spi.$procdff$1017 ($dff) from module top (D = $flatten\u_spi.$procmux$932_Y, Q = \u_spi.rx_shift, rval = 16'0000000000000000).
Adding EN signal on $auto$ff.cc:337:slice$1097 ($sdff) from module top (D = $flatten\u_spi.$procmux$932_Y, Q = \u_spi.rx_shift).
Adding SRST signal on $flatten\u_spi.$procdff$1018 ($dff) from module top (D = $flatten\u_spi.$procmux$925_Y, Q = \u_spi.tx_shift, rval = 8'00000000).
Adding SRST signal on $procdff$987 ($dff) from module top (D = $procmux$516_Y, Q = \w_wr_en, rval = 1'0).
Adding EN signal on $procdff$988 ($dff) from module top (D = \init_row, Q = \w_row).
Adding EN signal on $procdff$989 ($dff) from module top (D = \init_col, Q = \w_col).
Adding EN signal on $procdff$990 ($dff) from module top (D = $memrd$\w_rom$../rtl/top.sv:120$294_DATA, Q = \w_din).
Adding SRST signal on $procdff$991 ($dff) from module top (D = $procmux$551_Y, Q = \weight_init_done, rval = 1'0).
Adding SRST signal on $procdff$992 ($dff) from module top (D = $procmux$539_Y, Q = \init_col, rval = 3'000).
Adding EN signal on $auto$ff.cc:337:slice$1123 ($sdff) from module top (D = $procmux$537_Y, Q = \init_col).
Adding SRST signal on $procdff$993 ($dff) from module top (D = $procmux$530_Y, Q = \init_row, rval = 2'00).
Adding EN signal on $auto$ff.cc:337:slice$1125 ($sdff) from module top (D = $add$../rtl/top.sv:127$299_Y, Q = \init_row).
Adding SRST signal on $procdff$994 ($dff) from module top (D = $2$lookahead\feat_buf$301[127:0]$311, Q = \feat_buf, rval = 128'00000000000000000000000000000000000000000000000000000000000000000000000000000000000000000000000000000000000000000000000000000000).
Adding EN signal on $auto$ff.cc:337:slice$1133 ($sdff) from module top (D = $or$../rtl/top.sv:174$320_Y, Q = \feat_buf).
Adding SRST signal on $procdff$995 ($dff) from module top (D = $procmux$597_Y, Q = \feat_cnt, rval = 5'00000).
Adding EN signal on $auto$ff.cc:337:slice$1135 ($sdff) from module top (D = $procmux$597_Y, Q = \feat_cnt).
Adding SRST signal on $procdff$997 ($dff) from module top (D = $procmux$614_Y, Q = \cc_wr, rval = 1'0).
Adding SRST signal on $procdff$998 ($dff) from module top (D = $procmux$641_Y, Q = \cc_addr, rval = 2'00).
Adding EN signal on $auto$ff.cc:337:slice$1144 ($sdff) from module top (D = $procmux$641_Y, Q = \cc_addr).
Adding SRST signal on $procdff$999 ($dff) from module top (D = $procmux$632_Y, Q = \cc_wdata, rval = 8'00000000).
Adding EN signal on $auto$ff.cc:337:slice$1152 ($sdff) from module top (D = $procmux$632_Y, Q = \cc_wdata).
Adding SRST signal on $flatten\u_spi.$procdff$1019 ($dff) from module top (D = $flatten\u_spi.$procmux$913_Y, Q = \u_spi.bit_cnt, rval = 5'00000).
Adding EN signal on $auto$ff.cc:337:slice$1160 ($sdff) from module top (D = $flatten\u_spi.$procmux$913_Y, Q = \u_spi.bit_cnt).
Adding SRST signal on $flatten\u_core.$procdff$1008 ($dff) from module top (D = $flatten\u_core.$procmux$701_Y, Q = \u_core.acc[3], rval = 0).
Adding EN signal on $auto$ff.cc:337:slice$1164 ($sdff) from module top (D = $flatten\u_core.$procmux$701_Y, Q = \u_core.acc[3]).
Adding SRST signal on $flatten\u_core.$procdff$1007 ($dff) from module top (D = $flatten\u_core.$procmux$716_Y, Q = \u_core.acc[2], rval = 0).
Adding EN signal on $auto$ff.cc:337:slice$1174 ($sdff) from module top (D = $flatten\u_core.$procmux$716_Y, Q = \u_core.acc[2]).
Adding SRST signal on $flatten\u_core.$procdff$1006 ($dff) from module top (D = $flatten\u_core.$procmux$731_Y, Q = \u_core.acc[1], rval = 0).
Adding EN signal on $auto$ff.cc:337:slice$1184 ($sdff) from module top (D = $flatten\u_core.$procmux$731_Y, Q = \u_core.acc[1]).
Adding SRST signal on $flatten\u_core.$procdff$1005 ($dff) from module top (D = $flatten\u_core.$procmux$746_Y, Q = \u_core.acc[0], rval = 0).
Adding EN signal on $auto$ff.cc:337:slice$1194 ($sdff) from module top (D = $flatten\u_core.$procmux$746_Y, Q = \u_core.acc[0]).
Adding SRST signal on $flatten\u_core.$procdff$1003 ($dff) from module top (D = $flatten\u_core.$procmux$760_Y, Q = \u_core.col_cnt, rval = 3'000).
Adding EN signal on $auto$ff.cc:337:slice$1204 ($sdff) from module top (D = $flatten\u_core.$procmux$760_Y, Q = \u_core.col_cnt).
Adding SRST signal on $flatten\u_spi.$procdff$1020 ($dff) from module top (D = $flatten\u_spi.$procmux$906_Y, Q = \u_spi.rw_bit, rval = 1'0).
Adding EN signal on $auto$ff.cc:337:slice$1214 ($sdff) from module top (D = \u_spi.rx_shift [6], Q = \u_spi.rw_bit).
Adding SRST signal on $flatten\u_core.$procdff$1001 ($dff) from module top (D = $flatten\u_core.$procmux$690_Y, Q = \u_core.valid, rval = 1'0).
Adding SRST signal on $flatten\u_spi.$procdff$1021 ($dff) from module top (D = $flatten\u_spi.$procmux$899_Y, Q = \u_spi.addr_latch, rval = 2'00).
Adding EN signal on $auto$ff.cc:337:slice$1219 ($sdff) from module top (D = { \u_spi.rx_shift [0] \u_spi.mosi_s2 }, Q = \u_spi.addr_latch).
Adding SRST signal on $flatten\u_spi.$procdff$1014 ($dff) from module top (D = $flatten\u_spi.$procmux$950_Y, Q = \u_spi.bus_addr, rval = 2'00).
Adding EN signal on $auto$ff.cc:337:slice$1223 ($sdff) from module top (D = \u_spi.addr_latch, Q = \u_spi.bus_addr).
Adding SRST signal on $flatten\u_spi.$procdff$1015 ($dff) from module top (D = $flatten\u_spi.$procmux$941_Y, Q = \u_spi.bus_wdata, rval = 8'00000000).
Adding EN signal on $auto$ff.cc:337:slice$1229 ($sdff) from module top (D = \u_spi.rx_shift [7:0], Q = \u_spi.bus_wdata).
Adding SRST signal on $flatten\u_spi.$procdff$1039 ($dff) from module top (D = \u_spi.mosi_s1, Q = \u_spi.mosi_s2, rval = 1'0).
Adding SRST signal on $flatten\u_spi.$procdff$1038 ($dff) from module top (D = \mosi, Q = \u_spi.mosi_s1, rval = 1'0).
Adding SRST signal on $flatten\u_spi.$procdff$1037 ($dff) from module top (D = \u_spi.csn_s2, Q = \u_spi.csn_s3, rval = 1'1).
Adding SRST signal on $flatten\u_spi.$procdff$1036 ($dff) from module top (D = \u_spi.csn_s1, Q = \u_spi.csn_s2, rval = 1'1).
Adding SRST signal on $flatten\u_spi.$procdff$1035 ($dff) from module top (D = \cs_n, Q = \u_spi.csn_s1, rval = 1'1).
Adding SRST signal on $flatten\u_spi.$procdff$1034 ($dff) from module top (D = \u_spi.sclk_s2, Q = \u_spi.sclk_s3, rval = 1'0).
Adding SRST signal on $flatten\u_spi.$procdff$1033 ($dff) from module top (D = \u_spi.sclk_s1, Q = \u_spi.sclk_s2, rval = 1'0).
Adding SRST signal on $flatten\u_spi.$procdff$1032 ($dff) from module top (D = \sclk, Q = \u_spi.sclk_s1, rval = 1'0).

5.10.7. Executing OPT_CLEAN pass (remove unused cells and wires).
Finding unused cells or wires in module \top..
Removed 52 unused cells and 64 unused wires.
<suppressed ~53 debug messages>

5.10.8. Executing OPT_EXPR pass (perform const folding).
Optimizing module top.
<suppressed ~10 debug messages>

5.10.9. Rerunning OPT passes. (Maybe there is more to do..)

5.10.10. Executing OPT_MUXTREE pass (detect dead branches in mux trees).
Running muxtree optimizer on module \top..
  Creating internal representation of mux trees.
  Evaluating internal representation of mux trees.
  Analyzing evaluation results.
Removed 0 multiplexer ports.
<suppressed ~100 debug messages>

5.10.11. Executing OPT_REDUCE pass (consolidate $*mux and $reduce_* inputs).
  Optimizing cells in module \top.
Performed a total of 0 changes.

5.10.12. Executing OPT_MERGE pass (detect identical cells).
Finding identical cells in module `\top'.
Computing hashes of 282 cells of `\top'.
Finding duplicate cells in `\top'.
Computing hashes of 262 cells of `\top'.
Finding duplicate cells in `\top'.
Computing hashes of 258 cells of `\top'.
Finding duplicate cells in `\top'.
<suppressed ~72 debug messages>
Removed a total of 24 cells.

5.10.13. Executing OPT_DFF pass (perform DFF optimizations).

5.10.14. Executing OPT_CLEAN pass (remove unused cells and wires).
Finding unused cells or wires in module \top..
Removed 0 unused cells and 24 unused wires.
<suppressed ~1 debug messages>

5.10.15. Executing OPT_EXPR pass (perform const folding).
Optimizing module top.

5.10.16. Rerunning OPT passes. (Maybe there is more to do..)

5.10.17. Executing OPT_MUXTREE pass (detect dead branches in mux trees).
Running muxtree optimizer on module \top..
  Creating internal representation of mux trees.
  Evaluating internal representation of mux trees.
  Analyzing evaluation results.
Removed 0 multiplexer ports.
<suppressed ~102 debug messages>

5.10.18. Executing OPT_REDUCE pass (consolidate $*mux and $reduce_* inputs).
  Optimizing cells in module \top.
Performed a total of 0 changes.

5.10.19. Executing OPT_MERGE pass (detect identical cells).
Finding identical cells in module `\top'.
Computing hashes of 258 cells of `\top'.
Finding duplicate cells in `\top'.
Removed a total of 0 cells.

5.10.20. Executing OPT_DFF pass (perform DFF optimizations).

5.10.21. Executing OPT_CLEAN pass (remove unused cells and wires).
Finding unused cells or wires in module \top..

5.10.22. Executing OPT_EXPR pass (perform const folding).
Optimizing module top.

5.10.23. Finished fast OPT passes. (There is nothing left to do.)

5.11. Executing WREDUCE pass (reducing word size of cells).
Removed top 30 address bits (of 32) from memory init port top.$flatten\u_spi.$auto$proc_memwr.cc:45:proc_memwr$1042 (u_spi.reg_file).
Removed top 30 address bits (of 32) from memory init port top.$flatten\u_spi.$auto$proc_memwr.cc:45:proc_memwr$1043 (u_spi.reg_file).
Removed top 30 address bits (of 32) from memory init port top.$flatten\u_spi.$auto$proc_memwr.cc:45:proc_memwr$1044 (u_spi.reg_file).
Removed top 27 address bits (of 32) from memory read port top.$flatten\u_core.$memrd$\w_mem$../../m2/rtl/compute_core.sv:128$479 (u_core.w_mem).
Removed top 27 address bits (of 32) from memory read port top.$flatten\u_core.$memrd$\w_mem$../../m2/rtl/compute_core.sv:128$483 (u_core.w_mem).
Removed top 27 address bits (of 32) from memory read port top.$flatten\u_core.$memrd$\w_mem$../../m2/rtl/compute_core.sv:128$487 (u_core.w_mem).
Removed top 27 address bits (of 32) from memory read port top.$flatten\u_core.$memrd$\w_mem$../../m2/rtl/compute_core.sv:128$491 (u_core.w_mem).
Removed top 27 address bits (of 32) from memory init port top.$flatten\u_core.$auto$proc_memwr.cc:45:proc_memwr$1040 (u_core.w_mem).
Removed top 27 address bits (of 32) from memory read port top.$memrd$\w_rom$../rtl/top.sv:120$294 (w_rom).
Removed top 30 address bits (of 32) from memory init port top.$flatten\u_spi.$auto$proc_memwr.cc:45:proc_memwr$1041 (u_spi.reg_file).
Removed top 27 address bits (of 32) from memory init port top.$meminit$\w_rom$../rtl/top.sv:85$344 (w_rom).
Removed top 27 address bits (of 32) from memory init port top.$meminit$\w_rom$../rtl/top.sv:85$345 (w_rom).
Removed top 27 address bits (of 32) from memory init port top.$meminit$\w_rom$../rtl/top.sv:85$346 (w_rom).
Removed top 27 address bits (of 32) from memory init port top.$meminit$\w_rom$../rtl/top.sv:85$347 (w_rom).
Removed top 27 address bits (of 32) from memory init port top.$meminit$\w_rom$../rtl/top.sv:86$348 (w_rom).
Removed top 27 address bits (of 32) from memory init port top.$meminit$\w_rom$../rtl/top.sv:86$349 (w_rom).
Removed top 27 address bits (of 32) from memory init port top.$meminit$\w_rom$../rtl/top.sv:86$350 (w_rom).
Removed top 27 address bits (of 32) from memory init port top.$meminit$\w_rom$../rtl/top.sv:86$351 (w_rom).
Removed top 27 address bits (of 32) from memory init port top.$meminit$\w_rom$../rtl/top.sv:88$352 (w_rom).
Removed top 27 address bits (of 32) from memory init port top.$meminit$\w_rom$../rtl/top.sv:88$353 (w_rom).
Removed top 27 address bits (of 32) from memory init port top.$meminit$\w_rom$../rtl/top.sv:88$354 (w_rom).
Removed top 27 address bits (of 32) from memory init port top.$meminit$\w_rom$../rtl/top.sv:88$355 (w_rom).
Removed top 27 address bits (of 32) from memory init port top.$meminit$\w_rom$../rtl/top.sv:89$356 (w_rom).
Removed top 27 address bits (of 32) from memory init port top.$meminit$\w_rom$../rtl/top.sv:89$357 (w_rom).
Removed top 27 address bits (of 32) from memory init port top.$meminit$\w_rom$../rtl/top.sv:89$358 (w_rom).
Removed top 27 address bits (of 32) from memory init port top.$meminit$\w_rom$../rtl/top.sv:89$359 (w_rom).
Removed top 27 address bits (of 32) from memory init port top.$meminit$\w_rom$../rtl/top.sv:91$360 (w_rom).
Removed top 27 address bits (of 32) from memory init port top.$meminit$\w_rom$../rtl/top.sv:91$361 (w_rom).
Removed top 27 address bits (of 32) from memory init port top.$meminit$\w_rom$../rtl/top.sv:91$362 (w_rom).
Removed top 27 address bits (of 32) from memory init port top.$meminit$\w_rom$../rtl/top.sv:91$363 (w_rom).
Removed top 27 address bits (of 32) from memory init port top.$meminit$\w_rom$../rtl/top.sv:92$364 (w_rom).
Removed top 27 address bits (of 32) from memory init port top.$meminit$\w_rom$../rtl/top.sv:92$365 (w_rom).
Removed top 27 address bits (of 32) from memory init port top.$meminit$\w_rom$../rtl/top.sv:92$366 (w_rom).
Removed top 27 address bits (of 32) from memory init port top.$meminit$\w_rom$../rtl/top.sv:92$367 (w_rom).
Removed top 27 address bits (of 32) from memory init port top.$meminit$\w_rom$../rtl/top.sv:94$368 (w_rom).
Removed top 27 address bits (of 32) from memory init port top.$meminit$\w_rom$../rtl/top.sv:94$369 (w_rom).
Removed top 27 address bits (of 32) from memory init port top.$meminit$\w_rom$../rtl/top.sv:94$370 (w_rom).
Removed top 27 address bits (of 32) from memory init port top.$meminit$\w_rom$../rtl/top.sv:94$371 (w_rom).
Removed top 27 address bits (of 32) from memory init port top.$meminit$\w_rom$../rtl/top.sv:95$372 (w_rom).
Removed top 27 address bits (of 32) from memory init port top.$meminit$\w_rom$../rtl/top.sv:95$373 (w_rom).
Removed top 27 address bits (of 32) from memory init port top.$meminit$\w_rom$../rtl/top.sv:95$374 (w_rom).
Removed top 27 address bits (of 32) from memory init port top.$meminit$\w_rom$../rtl/top.sv:95$375 (w_rom).
Removed top 1 bits (of 2) from port B of cell top.$auto$opt_dff.cc:235:make_patterns_logic$1149 ($ne).
Removed top 1 bits (of 2) from port B of cell top.$auto$opt_dff.cc:235:make_patterns_logic$1140 ($ne).
Removed top 1 bits (of 16) from FF cell top.$auto$ff.cc:337:slice$1098 ($sdffe).
Removed top 1 bits (of 2) from port B of cell top.$auto$fsm_map.cc:77:implement_pattern_cache$1089 ($eq).
Removed top 1 bits (of 2) from port B of cell top.$auto$fsm_map.cc:77:implement_pattern_cache$1078 ($eq).
Removed top 1 bits (of 2) from port B of cell top.$auto$fsm_map.cc:77:implement_pattern_cache$1065 ($eq).
Removed top 27 bits (of 32) from port A of cell top.$add$../rtl/top.sv:120$296 ($add).
Removed top 27 bits (of 32) from port Y of cell top.$add$../rtl/top.sv:120$296 ($add).
Removed top 24 bits (of 33) from port A of cell top.$neg$../rtl/top.sv:174$314 ($neg).
Converting cell top.$neg$../rtl/top.sv:174$314 ($neg) from signed to unsigned.
Removed top 1 bits (of 9) from port A of cell top.$neg$../rtl/top.sv:174$314 ($neg).
Removed top 27 bits (of 32) from port B of cell top.$lt$../rtl/top.sv:175$321 ($lt).
Removed top 1 bits (of 2) from port B of cell top.$eq$../rtl/top.sv:177$323 ($eq).
Removed top 18 bits (of 32) from port B of cell top.$shiftx$../rtl/top.sv:232$336 ($shiftx).
Removed top 18 bits (of 32) from port B of cell top.$shiftx$../rtl/top.sv:233$340 ($shiftx).
Removed top 7 bits (of 8) from mux cell top.$procmux$611 ($mux).
Removed top 27 bits (of 32) from mux cell top.$flatten\u_core.$procmux$790 ($mux).
Removed top 1 bits (of 2) from port B of cell top.$flatten\u_core.$procmux$745_CMP0 ($eq).
Removed top 1 bits (of 2) from port B of cell top.$flatten\u_core.$procmux$730_CMP0 ($eq).
Removed top 1 bits (of 2) from port B of cell top.$flatten\u_core.$procmux$715_CMP0 ($eq).
Removed top 1 bits (of 2) from port B of cell top.$flatten\u_core.$procmux$700_CMP0 ($eq).
Removed top 2 bits (of 3) from port B of cell top.$flatten\u_core.$procmux$656_CMP0 ($eq).
Removed top 1 bits (of 3) from port B of cell top.$flatten\u_core.$procmux$655_CMP0 ($eq).
Removed top 1 bits (of 3) from port B of cell top.$flatten\u_core.$procmux$654_CMP0 ($eq).
Removed top 16 bits (of 32) from port B of cell top.$flatten\u_core.$sub$../../m2/rtl/compute_core.sv:130$494 ($sub).
Removed top 16 bits (of 32) from port B of cell top.$flatten\u_core.$add$../../m2/rtl/compute_core.sv:129$493 ($add).
Removed top 27 bits (of 32) from port A of cell top.$flatten\u_core.$add$../../m2/rtl/compute_core.sv:128$492 ($add).
Removed top 27 bits (of 32) from port Y of cell top.$flatten\u_core.$add$../../m2/rtl/compute_core.sv:128$492 ($add).
Removed top 16 bits (of 32) from port B of cell top.$flatten\u_core.$sub$../../m2/rtl/compute_core.sv:130$490 ($sub).
Removed top 16 bits (of 32) from port B of cell top.$flatten\u_core.$add$../../m2/rtl/compute_core.sv:129$489 ($add).
Removed top 27 bits (of 32) from port A of cell top.$flatten\u_core.$add$../../m2/rtl/compute_core.sv:128$488 ($add).
Removed top 27 bits (of 32) from port Y of cell top.$flatten\u_core.$add$../../m2/rtl/compute_core.sv:128$488 ($add).
Removed top 16 bits (of 32) from port B of cell top.$flatten\u_core.$sub$../../m2/rtl/compute_core.sv:130$486 ($sub).
Removed top 16 bits (of 32) from port B of cell top.$flatten\u_core.$add$../../m2/rtl/compute_core.sv:129$485 ($add).
Removed top 28 bits (of 32) from port A of cell top.$flatten\u_core.$add$../../m2/rtl/compute_core.sv:128$484 ($add).
Removed top 27 bits (of 32) from port Y of cell top.$flatten\u_core.$add$../../m2/rtl/compute_core.sv:128$484 ($add).
Removed top 16 bits (of 32) from port B of cell top.$flatten\u_core.$sub$../../m2/rtl/compute_core.sv:130$482 ($sub).
Removed top 16 bits (of 32) from port B of cell top.$flatten\u_core.$add$../../m2/rtl/compute_core.sv:129$481 ($add).
Removed top 27 bits (of 32) from port A of cell top.$flatten\u_core.$add$../../m2/rtl/compute_core.sv:75$476 ($add).
Removed top 27 bits (of 32) from port Y of cell top.$flatten\u_core.$add$../../m2/rtl/compute_core.sv:75$476 ($add).
Removed top 1 bits (of 16) from mux cell top.$flatten\u_spi.$procmux$932 ($mux).
Removed top 1 bits (of 16) from mux cell top.$flatten\u_spi.$procmux$930 ($mux).
Removed top 1 bits (of 5) from port B of cell top.$flatten\u_spi.$ge$../rtl/spi_slave_ext.sv:129$457 ($ge).
Removed top 2 bits (of 5) from port B of cell top.$flatten\u_spi.$eq$../rtl/spi_slave_ext.sv:120$453 ($eq).
Removed top 1 bits (of 15) from FF cell top.$auto$ff.cc:337:slice$1098 ($sdffe).
Removed top 1 bits (of 15) from mux cell top.$flatten\u_spi.$procmux$932 ($mux).
Removed top 1 bits (of 14) from FF cell top.$auto$ff.cc:337:slice$1098 ($sdffe).
Removed top 1 bits (of 14) from mux cell top.$flatten\u_spi.$procmux$932 ($mux).
Removed top 2 bits (of 15) from mux cell top.$flatten\u_spi.$procmux$930 ($mux).
Removed top 1 bits (of 13) from FF cell top.$auto$ff.cc:337:slice$1098 ($sdffe).
Removed top 1 bits (of 13) from mux cell top.$flatten\u_spi.$procmux$932 ($mux).
Removed top 1 bits (of 12) from FF cell top.$auto$ff.cc:337:slice$1098 ($sdffe).
Removed top 1 bits (of 12) from mux cell top.$flatten\u_spi.$procmux$932 ($mux).
Removed top 2 bits (of 13) from mux cell top.$flatten\u_spi.$procmux$930 ($mux).
Removed top 1 bits (of 11) from FF cell top.$auto$ff.cc:337:slice$1098 ($sdffe).
Removed top 1 bits (of 11) from mux cell top.$flatten\u_spi.$procmux$932 ($mux).
Removed top 1 bits (of 10) from FF cell top.$auto$ff.cc:337:slice$1098 ($sdffe).
Removed top 1 bits (of 10) from mux cell top.$flatten\u_spi.$procmux$932 ($mux).
Removed top 2 bits (of 11) from mux cell top.$flatten\u_spi.$procmux$930 ($mux).
Removed top 1 bits (of 9) from FF cell top.$auto$ff.cc:337:slice$1098 ($sdffe).
Removed top 1 bits (of 9) from mux cell top.$flatten\u_spi.$procmux$932 ($mux).
Removed top 1 bits (of 9) from mux cell top.$flatten\u_spi.$procmux$930 ($mux).
Removed top 27 bits (of 32) from wire top.$flatten\u_core.$add$../../m2/rtl/compute_core.sv:128$484_Y.
Removed top 27 bits (of 32) from wire top.$flatten\u_core.$0$memwr$\w_mem$../../m2/rtl/compute_core.sv:75$467_ADDR[31:0]$469.
Removed top 27 bits (of 32) from wire top.$flatten\u_core.$add$../../m2/rtl/compute_core.sv:128$488_Y.
Removed top 27 bits (of 32) from wire top.$flatten\u_core.$add$../../m2/rtl/compute_core.sv:128$492_Y.
Removed top 8 bits (of 16) from wire top.$flatten\u_spi.$procmux$932_Y.
Removed top 8 bits (of 16) from wire top.$flatten\u_spi.$procmux$930_Y.
Removed top 27 bits (of 32) from wire top.$add$../rtl/top.sv:120$296_Y.
Removed top 27 bits (of 32) from wire top.$flatten\u_core.$add$../../m2/rtl/compute_core.sv:75$476_Y.
Removed top 7 bits (of 8) from wire top.$1\argmax[7:0].

5.12. Executing PEEPOPT pass (run peephole optimizers).

5.13. Executing OPT_CLEAN pass (remove unused cells and wires).
Finding unused cells or wires in module \top..
Removed 0 unused cells and 9 unused wires.
<suppressed ~1 debug messages>

5.14. Executing ALUMACC pass (create $alu and $macc cells).
Extracting $alu and $macc cells in module top:
  creating $macc model for $flatten\u_core.$add$../../m2/rtl/compute_core.sv:75$476 ($add).
  creating $macc model for $flatten\u_core.$add$../../m2/rtl/compute_core.sv:129$481 ($add).
  creating $macc model for $flatten\u_core.$sub$../../m2/rtl/compute_core.sv:130$482 ($sub).
  creating $macc model for $flatten\u_core.$add$../../m2/rtl/compute_core.sv:128$484 ($add).
  creating $macc model for $flatten\u_core.$add$../../m2/rtl/compute_core.sv:129$485 ($add).
  creating $macc model for $flatten\u_core.$sub$../../m2/rtl/compute_core.sv:130$486 ($sub).
  creating $macc model for $flatten\u_core.$add$../../m2/rtl/compute_core.sv:128$488 ($add).
  creating $macc model for $flatten\u_core.$add$../../m2/rtl/compute_core.sv:129$489 ($add).
  creating $macc model for $flatten\u_core.$sub$../../m2/rtl/compute_core.sv:130$490 ($sub).
  creating $macc model for $flatten\u_core.$add$../../m2/rtl/compute_core.sv:128$492 ($add).
  creating $macc model for $flatten\u_core.$add$../../m2/rtl/compute_core.sv:129$493 ($add).
  creating $macc model for $flatten\u_core.$sub$../../m2/rtl/compute_core.sv:130$494 ($sub).
  creating $macc model for $flatten\u_core.$add$../../m2/rtl/compute_core.sv:137$496 ($add).
  creating $macc model for $add$../rtl/top.sv:120$296 ($add).
  creating $macc model for $add$../rtl/top.sv:127$299 ($add).
  creating $macc model for $add$../rtl/top.sv:129$300 ($add).
  creating $macc model for $neg$../rtl/top.sv:174$314 ($neg).
  creating $macc model for $add$../rtl/top.sv:176$322 ($add).
  creating $macc model for $flatten\u_spi.$add$../rtl/spi_slave_ext.sv:119$452 ($add).
  creating $alu model for $macc $flatten\u_spi.$add$../rtl/spi_slave_ext.sv:119$452.
  creating $alu model for $macc $add$../rtl/top.sv:176$322.
  creating $alu model for $macc $neg$../rtl/top.sv:174$314.
  creating $alu model for $macc $add$../rtl/top.sv:129$300.
  creating $alu model for $macc $add$../rtl/top.sv:127$299.
  creating $alu model for $macc $add$../rtl/top.sv:120$296.
  creating $alu model for $macc $flatten\u_core.$add$../../m2/rtl/compute_core.sv:137$496.
  creating $alu model for $macc $flatten\u_core.$sub$../../m2/rtl/compute_core.sv:130$494.
  creating $alu model for $macc $flatten\u_core.$add$../../m2/rtl/compute_core.sv:129$493.
  creating $alu model for $macc $flatten\u_core.$add$../../m2/rtl/compute_core.sv:128$492.
  creating $alu model for $macc $flatten\u_core.$sub$../../m2/rtl/compute_core.sv:130$490.
  creating $alu model for $macc $flatten\u_core.$add$../../m2/rtl/compute_core.sv:129$489.
  creating $alu model for $macc $flatten\u_core.$add$../../m2/rtl/compute_core.sv:128$488.
  creating $alu model for $macc $flatten\u_core.$sub$../../m2/rtl/compute_core.sv:130$486.
  creating $alu model for $macc $flatten\u_core.$add$../../m2/rtl/compute_core.sv:129$485.
  creating $alu model for $macc $flatten\u_core.$add$../../m2/rtl/compute_core.sv:128$484.
  creating $alu model for $macc $flatten\u_core.$sub$../../m2/rtl/compute_core.sv:130$482.
  creating $alu model for $macc $flatten\u_core.$add$../../m2/rtl/compute_core.sv:129$481.
  creating $alu model for $macc $flatten\u_core.$add$../../m2/rtl/compute_core.sv:75$476.
  creating $alu model for $flatten\u_spi.$ge$../rtl/spi_slave_ext.sv:129$457 ($ge): new $alu
  creating $alu model for $lt$../rtl/top.sv:175$321 ($lt): new $alu
  creating $alu model for $gt$../rtl/top.sv:231$333 ($gt): new $alu
  creating $alu model for $gt$../rtl/top.sv:232$337 ($gt): new $alu
  creating $alu model for $gt$../rtl/top.sv:233$341 ($gt): new $alu
  creating $alu cell for $gt$../rtl/top.sv:233$341: $auto$alumacc.cc:512:replace_alu$1257
  creating $alu cell for $gt$../rtl/top.sv:232$337: $auto$alumacc.cc:512:replace_alu$1270
  creating $alu cell for $gt$../rtl/top.sv:231$333: $auto$alumacc.cc:512:replace_alu$1283
  creating $alu cell for $lt$../rtl/top.sv:175$321: $auto$alumacc.cc:512:replace_alu$1296
  creating $alu cell for $flatten\u_spi.$ge$../rtl/spi_slave_ext.sv:129$457: $auto$alumacc.cc:512:replace_alu$1301
  creating $alu cell for $flatten\u_core.$add$../../m2/rtl/compute_core.sv:75$476: $auto$alumacc.cc:512:replace_alu$1314
  creating $alu cell for $flatten\u_core.$add$../../m2/rtl/compute_core.sv:129$481: $auto$alumacc.cc:512:replace_alu$1317
  creating $alu cell for $flatten\u_core.$sub$../../m2/rtl/compute_core.sv:130$482: $auto$alumacc.cc:512:replace_alu$1320
  creating $alu cell for $flatten\u_core.$add$../../m2/rtl/compute_core.sv:128$484: $auto$alumacc.cc:512:replace_alu$1323
  creating $alu cell for $flatten\u_core.$add$../../m2/rtl/compute_core.sv:129$485: $auto$alumacc.cc:512:replace_alu$1326
  creating $alu cell for $flatten\u_core.$sub$../../m2/rtl/compute_core.sv:130$486: $auto$alumacc.cc:512:replace_alu$1329
  creating $alu cell for $flatten\u_core.$add$../../m2/rtl/compute_core.sv:128$488: $auto$alumacc.cc:512:replace_alu$1332
  creating $alu cell for $flatten\u_core.$add$../../m2/rtl/compute_core.sv:129$489: $auto$alumacc.cc:512:replace_alu$1335
  creating $alu cell for $flatten\u_core.$sub$../../m2/rtl/compute_core.sv:130$490: $auto$alumacc.cc:512:replace_alu$1338
  creating $alu cell for $flatten\u_core.$add$../../m2/rtl/compute_core.sv:128$492: $auto$alumacc.cc:512:replace_alu$1341
  creating $alu cell for $flatten\u_core.$add$../../m2/rtl/compute_core.sv:129$493: $auto$alumacc.cc:512:replace_alu$1344
  creating $alu cell for $flatten\u_core.$sub$../../m2/rtl/compute_core.sv:130$494: $auto$alumacc.cc:512:replace_alu$1347
  creating $alu cell for $flatten\u_core.$add$../../m2/rtl/compute_core.sv:137$496: $auto$alumacc.cc:512:replace_alu$1350
  creating $alu cell for $add$../rtl/top.sv:120$296: $auto$alumacc.cc:512:replace_alu$1353
  creating $alu cell for $add$../rtl/top.sv:127$299: $auto$alumacc.cc:512:replace_alu$1356
  creating $alu cell for $add$../rtl/top.sv:129$300: $auto$alumacc.cc:512:replace_alu$1359
  creating $alu cell for $neg$../rtl/top.sv:174$314: $auto$alumacc.cc:512:replace_alu$1362
  creating $alu cell for $add$../rtl/top.sv:176$322: $auto$alumacc.cc:512:replace_alu$1365
  creating $alu cell for $flatten\u_spi.$add$../rtl/spi_slave_ext.sv:119$452: $auto$alumacc.cc:512:replace_alu$1368
  created 24 $alu and 0 $macc cells.

5.15. Executing SHARE pass (SAT-based resource sharing).

5.16. Executing OPT pass (performing simple optimizations).

5.16.1. Executing OPT_EXPR pass (perform const folding).
Optimizing module top.
<suppressed ~4 debug messages>

5.16.2. Executing OPT_MERGE pass (detect identical cells).
Finding identical cells in module `\top'.
Computing hashes of 279 cells of `\top'.
Finding duplicate cells in `\top'.
Removed a total of 0 cells.

5.16.3. Executing OPT_MUXTREE pass (detect dead branches in mux trees).
Running muxtree optimizer on module \top..
  Creating internal representation of mux trees.
  Evaluating internal representation of mux trees.
  Analyzing evaluation results.
Removed 0 multiplexer ports.
<suppressed ~102 debug messages>

5.16.4. Executing OPT_REDUCE pass (consolidate $*mux and $reduce_* inputs).
  Optimizing cells in module \top.
Performed a total of 0 changes.

5.16.5. Executing OPT_MERGE pass (detect identical cells).
Finding identical cells in module `\top'.
Computing hashes of 279 cells of `\top'.
Finding duplicate cells in `\top'.
Removed a total of 0 cells.

5.16.6. Executing OPT_DFF pass (perform DFF optimizations).

5.16.7. Executing OPT_CLEAN pass (remove unused cells and wires).
Finding unused cells or wires in module \top..
Removed 3 unused cells and 8 unused wires.
<suppressed ~4 debug messages>

5.16.8. Executing OPT_EXPR pass (perform const folding).
Optimizing module top.

5.16.9. Rerunning OPT passes. (Maybe there is more to do..)

5.16.10. Executing OPT_MUXTREE pass (detect dead branches in mux trees).
Running muxtree optimizer on module \top..
  Creating internal representation of mux trees.
  Evaluating internal representation of mux trees.
  Analyzing evaluation results.
Removed 0 multiplexer ports.
<suppressed ~102 debug messages>

5.16.11. Executing OPT_REDUCE pass (consolidate $*mux and $reduce_* inputs).
  Optimizing cells in module \top.
Performed a total of 0 changes.

5.16.12. Executing OPT_MERGE pass (detect identical cells).
Finding identical cells in module `\top'.
Computing hashes of 276 cells of `\top'.
Finding duplicate cells in `\top'.
Removed a total of 0 cells.

5.16.13. Executing OPT_DFF pass (perform DFF optimizations).

5.16.14. Executing OPT_CLEAN pass (remove unused cells and wires).
Finding unused cells or wires in module \top..

5.16.15. Executing OPT_EXPR pass (perform const folding).
Optimizing module top.

5.16.16. Finished fast OPT passes. (There is nothing left to do.)

5.17. Executing MEMORY pass.

5.17.1. Executing OPT_MEM pass (optimize memories).
Performed a total of 0 transformations.

5.17.2. Executing OPT_MEM_PRIORITY pass (removing unnecessary memory write priority relations).
Performed a total of 6 transformations.

5.17.3. Executing OPT_MEM_FEEDBACK pass (finding memory read-to-write feedback paths).
  Analyzing top.u_spi.reg_file write port 0.
  Analyzing top.u_spi.reg_file write port 1.
  Analyzing top.u_spi.reg_file write port 2.
  Analyzing top.u_spi.reg_file write port 3.
  Analyzing top.u_spi.reg_file write port 4.
  Analyzing top.u_spi.reg_file write port 5.
  Analyzing top.u_core.w_mem write port 0.

5.17.4. Executing MEMORY_BMUX2ROM pass (converting muxes to ROMs).

5.17.5. Executing MEMORY_DFF pass (merging $dff cells to $memrd).
Checking read port `\u_spi.reg_file'[0] in module `\top': no output FF found.
Checking read port `\u_core.w_mem'[0] in module `\top': no output FF found.
Checking read port `\u_core.w_mem'[1] in module `\top': no output FF found.
Checking read port `\u_core.w_mem'[2] in module `\top': no output FF found.
Checking read port `\u_core.w_mem'[3] in module `\top': no output FF found.
Checking read port `\w_rom'[0] in module `\top': merging output FF to cell.
Checking read port address `\u_spi.reg_file'[0] in module `\top': no address FF found.
Checking read port address `\u_core.w_mem'[0] in module `\top': no address FF found.
Checking read port address `\u_core.w_mem'[1] in module `\top': no address FF found.
Checking read port address `\u_core.w_mem'[2] in module `\top': no address FF found.
Checking read port address `\u_core.w_mem'[3] in module `\top': merged address FF to cell.

5.17.6. Executing OPT_CLEAN pass (remove unused cells and wires).
Finding unused cells or wires in module \top..
Removed 1 unused cells and 3 unused wires.
<suppressed ~2 debug messages>

5.17.7. Executing MEMORY_SHARE pass (consolidating $memrd/$memwr cells).
Consolidating write ports of memory top.u_spi.reg_file by address:
  Merging ports 0, 1 (address 2'00).
  Merging ports 0, 2 (address 2'00).
Consolidating write ports of memory top.u_spi.reg_file by address:
Consolidating read ports of memory top.u_core.w_mem by address:
Consolidating write ports of memory top.u_spi.reg_file using sat-based resource sharing:
  Checking group clocked with posedge \clk, width 8: ports 1, 2, 3.
  Common input cone for all EN signals: 8 cells.
  Size of unconstrained SAT problem: 54 variables, 127 clauses
  Merging port 2 into port 1.
  According to SAT solver sharing of port 1 with port 3 is not possible.

5.17.8. Executing OPT_MEM_WIDEN pass (optimize memories where all ports are wide).
Performed a total of 0 transformations.

5.17.9. Executing OPT_CLEAN pass (remove unused cells and wires).
Finding unused cells or wires in module \top..

5.17.10. Executing MEMORY_COLLECT pass (generating $mem cells).

5.18. Executing OPT_CLEAN pass (remove unused cells and wires).
Finding unused cells or wires in module \top..

5.19. Executing OPT pass (performing simple optimizations).

5.19.1. Executing OPT_EXPR pass (perform const folding).
Optimizing module top.
<suppressed ~75 debug messages>

5.19.2. Executing OPT_MERGE pass (detect identical cells).
Finding identical cells in module `\top'.
Computing hashes of 215 cells of `\top'.
Finding duplicate cells in `\top'.
Computing hashes of 212 cells of `\top'.
Finding duplicate cells in `\top'.
<suppressed ~9 debug messages>
Removed a total of 3 cells.

5.19.3. Executing OPT_DFF pass (perform DFF optimizations).

5.19.4. Executing OPT_CLEAN pass (remove unused cells and wires).
Finding unused cells or wires in module \top..
Removed 5 unused cells and 56 unused wires.
<suppressed ~8 debug messages>

5.19.5. Finished fast OPT passes.

5.20. Executing MEMORY_MAP pass (converting memories to logic and flip-flops).
Mapping memory \u_spi.reg_file in module \top:
  created 4 $dff cells and 0 static cells of width 8.
  read interface: 0 $dff and 3 $mux cells.
  write interface: 12 write mux blocks.
Mapping memory \w_rom in module \top:
  created 32 $dff cells and 0 static cells of width 2.
Extracted data FF from read port 0 of top.w_rom: $\w_rom$rdreg[0]
  read interface: 1 $dff and 31 $mux cells.
  write interface: 0 write mux blocks.
Mapping memory \u_core.w_mem in module \top:
  created 32 $dff cells and 0 static cells of width 2.
Extracted addr FF from read port 3 of top.u_core.w_mem: $\u_core.w_mem$rdreg[3]
  read interface: 1 $dff and 124 $mux cells.
  write interface: 32 write mux blocks.

5.21. Executing OPT pass (performing simple optimizations).

5.21.1. Executing OPT_EXPR pass (perform const folding).
Optimizing module top.
<suppressed ~37 debug messages>

5.21.2. Executing OPT_MERGE pass (detect identical cells).
Finding identical cells in module `\top'.
Computing hashes of 536 cells of `\top'.
Finding duplicate cells in `\top'.
Removed a total of 0 cells.

5.21.3. Executing OPT_MUXTREE pass (detect dead branches in mux trees).
Running muxtree optimizer on module \top..
  Creating internal representation of mux trees.
  Evaluating internal representation of mux trees.
      Replacing known input bits on port B of cell $auto$memory_share.cc:454:consolidate_wr_using_sat$1395: $auto$rtlil.cc:3259:ReduceOr$1389 -> 1'1
  Analyzing evaluation results.
    dead port 1/2 on $mux $memory\u_core.w_mem$rdmux[2][4][15]$1947.
    dead port 2/2 on $mux $memory\u_core.w_mem$rdmux[2][4][15]$1947.
    dead port 1/2 on $mux $memory\u_core.w_mem$rdmux[2][4][14]$1944.
    dead port 2/2 on $mux $memory\u_core.w_mem$rdmux[2][4][14]$1944.
    dead port 1/2 on $mux $memory\u_core.w_mem$rdmux[2][4][13]$1941.
    dead port 2/2 on $mux $memory\u_core.w_mem$rdmux[2][4][13]$1941.
    dead port 1/2 on $mux $memory\u_core.w_mem$rdmux[2][4][12]$1938.
    dead port 2/2 on $mux $memory\u_core.w_mem$rdmux[2][4][12]$1938.
    dead port 1/2 on $mux $memory\u_core.w_mem$rdmux[2][4][11]$1935.
    dead port 2/2 on $mux $memory\u_core.w_mem$rdmux[2][4][11]$1935.
    dead port 1/2 on $mux $memory\u_core.w_mem$rdmux[2][4][10]$1932.
    dead port 2/2 on $mux $memory\u_core.w_mem$rdmux[2][4][10]$1932.
    dead port 1/2 on $mux $memory\u_core.w_mem$rdmux[2][4][9]$1929.
    dead port 2/2 on $mux $memory\u_core.w_mem$rdmux[2][4][9]$1929.
    dead port 1/2 on $mux $memory\u_core.w_mem$rdmux[2][4][8]$1926.
    dead port 2/2 on $mux $memory\u_core.w_mem$rdmux[2][4][8]$1926.
    dead port 1/2 on $mux $memory\u_core.w_mem$rdmux[2][4][3]$1911.
    dead port 2/2 on $mux $memory\u_core.w_mem$rdmux[2][4][3]$1911.
    dead port 1/2 on $mux $memory\u_core.w_mem$rdmux[2][4][2]$1908.
    dead port 2/2 on $mux $memory\u_core.w_mem$rdmux[2][4][2]$1908.
    dead port 1/2 on $mux $memory\u_core.w_mem$rdmux[2][4][1]$1905.
    dead port 2/2 on $mux $memory\u_core.w_mem$rdmux[2][4][1]$1905.
    dead port 1/2 on $mux $memory\u_core.w_mem$rdmux[2][4][0]$1902.
    dead port 2/2 on $mux $memory\u_core.w_mem$rdmux[2][4][0]$1902.
    dead port 1/2 on $mux $memory\u_core.w_mem$rdmux[2][3][7]$1899.
    dead port 2/2 on $mux $memory\u_core.w_mem$rdmux[2][3][7]$1899.
    dead port 1/2 on $mux $memory\u_core.w_mem$rdmux[2][3][6]$1896.
    dead port 2/2 on $mux $memory\u_core.w_mem$rdmux[2][3][6]$1896.
    dead port 1/2 on $mux $memory\u_core.w_mem$rdmux[2][3][5]$1893.
    dead port 2/2 on $mux $memory\u_core.w_mem$rdmux[2][3][5]$1893.
    dead port 1/2 on $mux $memory\u_core.w_mem$rdmux[2][3][4]$1890.
    dead port 2/2 on $mux $memory\u_core.w_mem$rdmux[2][3][4]$1890.
    dead port 1/2 on $mux $memory\u_core.w_mem$rdmux[2][3][1]$1881.
    dead port 2/2 on $mux $memory\u_core.w_mem$rdmux[2][3][1]$1881.
    dead port 1/2 on $mux $memory\u_core.w_mem$rdmux[2][3][0]$1878.
    dead port 2/2 on $mux $memory\u_core.w_mem$rdmux[2][3][0]$1878.
    dead port 1/2 on $mux $memory\u_core.w_mem$rdmux[2][2][3]$1875.
    dead port 2/2 on $mux $memory\u_core.w_mem$rdmux[2][2][3]$1875.
    dead port 1/2 on $mux $memory\u_core.w_mem$rdmux[2][2][2]$1872.
    dead port 2/2 on $mux $memory\u_core.w_mem$rdmux[2][2][2]$1872.
    dead port 1/2 on $mux $memory\u_core.w_mem$rdmux[2][2][0]$1866.
    dead port 2/2 on $mux $memory\u_core.w_mem$rdmux[2][2][0]$1866.
    dead port 1/2 on $mux $memory\u_core.w_mem$rdmux[1][4][15]$1854.
    dead port 2/2 on $mux $memory\u_core.w_mem$rdmux[1][4][15]$1854.
    dead port 1/2 on $mux $memory\u_core.w_mem$rdmux[1][4][14]$1851.
    dead port 2/2 on $mux $memory\u_core.w_mem$rdmux[1][4][14]$1851.
    dead port 1/2 on $mux $memory\u_core.w_mem$rdmux[1][4][13]$1848.
    dead port 2/2 on $mux $memory\u_core.w_mem$rdmux[1][4][13]$1848.
    dead port 1/2 on $mux $memory\u_core.w_mem$rdmux[1][4][12]$1845.
    dead port 2/2 on $mux $memory\u_core.w_mem$rdmux[1][4][12]$1845.
    dead port 1/2 on $mux $memory\u_core.w_mem$rdmux[1][4][7]$1830.
    dead port 2/2 on $mux $memory\u_core.w_mem$rdmux[1][4][7]$1830.
    dead port 1/2 on $mux $memory\u_core.w_mem$rdmux[1][4][6]$1827.
    dead port 2/2 on $mux $memory\u_core.w_mem$rdmux[1][4][6]$1827.
    dead port 1/2 on $mux $memory\u_core.w_mem$rdmux[1][4][5]$1824.
    dead port 2/2 on $mux $memory\u_core.w_mem$rdmux[1][4][5]$1824.
    dead port 1/2 on $mux $memory\u_core.w_mem$rdmux[1][4][4]$1821.
    dead port 2/2 on $mux $memory\u_core.w_mem$rdmux[1][4][4]$1821.
    dead port 1/2 on $mux $memory\u_core.w_mem$rdmux[1][4][3]$1818.
    dead port 2/2 on $mux $memory\u_core.w_mem$rdmux[1][4][3]$1818.
    dead port 1/2 on $mux $memory\u_core.w_mem$rdmux[1][4][2]$1815.
    dead port 2/2 on $mux $memory\u_core.w_mem$rdmux[1][4][2]$1815.
    dead port 1/2 on $mux $memory\u_core.w_mem$rdmux[1][4][1]$1812.
    dead port 2/2 on $mux $memory\u_core.w_mem$rdmux[1][4][1]$1812.
    dead port 1/2 on $mux $memory\u_core.w_mem$rdmux[1][4][0]$1809.
    dead port 2/2 on $mux $memory\u_core.w_mem$rdmux[1][4][0]$1809.
    dead port 1/2 on $mux $memory\u_core.w_mem$rdmux[1][3][7]$1806.
    dead port 2/2 on $mux $memory\u_core.w_mem$rdmux[1][3][7]$1806.
    dead port 1/2 on $mux $memory\u_core.w_mem$rdmux[1][3][6]$1803.
    dead port 2/2 on $mux $memory\u_core.w_mem$rdmux[1][3][6]$1803.
    dead port 1/2 on $mux $memory\u_core.w_mem$rdmux[1][3][3]$1794.
    dead port 2/2 on $mux $memory\u_core.w_mem$rdmux[1][3][3]$1794.
    dead port 1/2 on $mux $memory\u_core.w_mem$rdmux[1][3][2]$1791.
    dead port 2/2 on $mux $memory\u_core.w_mem$rdmux[1][3][2]$1791.
    dead port 1/2 on $mux $memory\u_core.w_mem$rdmux[1][3][1]$1788.
    dead port 2/2 on $mux $memory\u_core.w_mem$rdmux[1][3][1]$1788.
    dead port 1/2 on $mux $memory\u_core.w_mem$rdmux[1][3][0]$1785.
    dead port 2/2 on $mux $memory\u_core.w_mem$rdmux[1][3][0]$1785.
    dead port 1/2 on $mux $memory\u_core.w_mem$rdmux[1][2][3]$1782.
    dead port 2/2 on $mux $memory\u_core.w_mem$rdmux[1][2][3]$1782.
    dead port 1/2 on $mux $memory\u_core.w_mem$rdmux[1][2][1]$1776.
    dead port 2/2 on $mux $memory\u_core.w_mem$rdmux[1][2][1]$1776.
    dead port 1/2 on $mux $memory\u_core.w_mem$rdmux[1][2][0]$1773.
    dead port 2/2 on $mux $memory\u_core.w_mem$rdmux[1][2][0]$1773.
    dead port 1/2 on $mux $memory\u_core.w_mem$rdmux[0][4][11]$1749.
    dead port 2/2 on $mux $memory\u_core.w_mem$rdmux[0][4][11]$1749.
    dead port 1/2 on $mux $memory\u_core.w_mem$rdmux[0][4][10]$1746.
    dead port 2/2 on $mux $memory\u_core.w_mem$rdmux[0][4][10]$1746.
    dead port 1/2 on $mux $memory\u_core.w_mem$rdmux[0][4][9]$1743.
    dead port 2/2 on $mux $memory\u_core.w_mem$rdmux[0][4][9]$1743.
    dead port 1/2 on $mux $memory\u_core.w_mem$rdmux[0][4][8]$1740.
    dead port 2/2 on $mux $memory\u_core.w_mem$rdmux[0][4][8]$1740.
    dead port 1/2 on $mux $memory\u_core.w_mem$rdmux[0][4][7]$1737.
    dead port 2/2 on $mux $memory\u_core.w_mem$rdmux[0][4][7]$1737.
    dead port 1/2 on $mux $memory\u_core.w_mem$rdmux[0][4][6]$1734.
    dead port 2/2 on $mux $memory\u_core.w_mem$rdmux[0][4][6]$1734.
    dead port 1/2 on $mux $memory\u_core.w_mem$rdmux[0][4][5]$1731.
    dead port 2/2 on $mux $memory\u_core.w_mem$rdmux[0][4][5]$1731.
    dead port 1/2 on $mux $memory\u_core.w_mem$rdmux[0][4][4]$1728.
    dead port 2/2 on $mux $memory\u_core.w_mem$rdmux[0][4][4]$1728.
    dead port 1/2 on $mux $memory\u_core.w_mem$rdmux[0][4][3]$1725.
    dead port 2/2 on $mux $memory\u_core.w_mem$rdmux[0][4][3]$1725.
    dead port 1/2 on $mux $memory\u_core.w_mem$rdmux[0][4][2]$1722.
    dead port 2/2 on $mux $memory\u_core.w_mem$rdmux[0][4][2]$1722.
    dead port 1/2 on $mux $memory\u_core.w_mem$rdmux[0][4][1]$1719.
    dead port 2/2 on $mux $memory\u_core.w_mem$rdmux[0][4][1]$1719.
    dead port 1/2 on $mux $memory\u_core.w_mem$rdmux[0][4][0]$1716.
    dead port 2/2 on $mux $memory\u_core.w_mem$rdmux[0][4][0]$1716.
    dead port 1/2 on $mux $memory\u_core.w_mem$rdmux[0][3][5]$1707.
    dead port 2/2 on $mux $memory\u_core.w_mem$rdmux[0][3][5]$1707.
    dead port 1/2 on $mux $memory\u_core.w_mem$rdmux[0][3][4]$1704.
    dead port 2/2 on $mux $memory\u_core.w_mem$rdmux[0][3][4]$1704.
    dead port 1/2 on $mux $memory\u_core.w_mem$rdmux[0][3][3]$1701.
    dead port 2/2 on $mux $memory\u_core.w_mem$rdmux[0][3][3]$1701.
    dead port 1/2 on $mux $memory\u_core.w_mem$rdmux[0][3][2]$1698.
    dead port 2/2 on $mux $memory\u_core.w_mem$rdmux[0][3][2]$1698.
    dead port 1/2 on $mux $memory\u_core.w_mem$rdmux[0][3][1]$1695.
    dead port 2/2 on $mux $memory\u_core.w_mem$rdmux[0][3][1]$1695.
    dead port 1/2 on $mux $memory\u_core.w_mem$rdmux[0][3][0]$1692.
    dead port 2/2 on $mux $memory\u_core.w_mem$rdmux[0][3][0]$1692.
    dead port 1/2 on $mux $memory\u_core.w_mem$rdmux[0][2][2]$1686.
    dead port 2/2 on $mux $memory\u_core.w_mem$rdmux[0][2][2]$1686.
    dead port 1/2 on $mux $memory\u_core.w_mem$rdmux[0][2][1]$1683.
    dead port 2/2 on $mux $memory\u_core.w_mem$rdmux[0][2][1]$1683.
    dead port 1/2 on $mux $memory\u_core.w_mem$rdmux[0][2][0]$1680.
    dead port 2/2 on $mux $memory\u_core.w_mem$rdmux[0][2][0]$1680.
Removed 126 multiplexer ports.
<suppressed ~233 debug messages>

5.21.4. Executing OPT_REDUCE pass (consolidate $*mux and $reduce_* inputs).
  Optimizing cells in module \top.
    Consolidated identical input bits for $mux cell $memory\w_rom$rdmux[0][4][14]$1601:
      Old ports: A=2'01, B=2'00, Y=$memory\w_rom$rdmux[0][3][7]$a$1557
      New ports: A=1'1, B=1'0, Y=$memory\w_rom$rdmux[0][3][7]$a$1557 [0]
      New connections: $memory\w_rom$rdmux[0][3][7]$a$1557 [1] = 1'0
    Consolidated identical input bits for $mux cell $memory\w_rom$rdmux[0][4][13]$1598:
      Old ports: A=2'00, B=2'11, Y=$memory\w_rom$rdmux[0][3][6]$b$1555
      New ports: A=1'0, B=1'1, Y=$memory\w_rom$rdmux[0][3][6]$b$1555 [0]
      New connections: $memory\w_rom$rdmux[0][3][6]$b$1555 [1] = $memory\w_rom$rdmux[0][3][6]$b$1555 [0]
    Consolidated identical input bits for $mux cell $memory\w_rom$rdmux[0][4][11]$1592:
      Old ports: A=2'11, B=2'01, Y=$memory\w_rom$rdmux[0][3][5]$b$1552
      New ports: A=1'1, B=1'0, Y=$memory\w_rom$rdmux[0][3][5]$b$1552 [1]
      New connections: $memory\w_rom$rdmux[0][3][5]$b$1552 [0] = 1'1
    Consolidated identical input bits for $mux cell $memory\w_rom$rdmux[0][4][10]$1589:
      Old ports: A=2'00, B=2'01, Y=$memory\w_rom$rdmux[0][3][5]$a$1551
      New ports: A=1'0, B=1'1, Y=$memory\w_rom$rdmux[0][3][5]$a$1551 [0]
      New connections: $memory\w_rom$rdmux[0][3][5]$a$1551 [1] = 1'0
    Consolidated identical input bits for $mux cell $memory\w_rom$rdmux[0][4][9]$1586:
      Old ports: A=2'11, B=2'01, Y=$memory\w_rom$rdmux[0][3][4]$b$1549
      New ports: A=1'1, B=1'0, Y=$memory\w_rom$rdmux[0][3][4]$b$1549 [1]
      New connections: $memory\w_rom$rdmux[0][3][4]$b$1549 [0] = 1'1
    Consolidated identical input bits for $mux cell $memory\w_rom$rdmux[0][4][8]$1583:
      Old ports: A=2'11, B=2'00, Y=$memory\w_rom$rdmux[0][3][4]$a$1548
      New ports: A=1'1, B=1'0, Y=$memory\w_rom$rdmux[0][3][4]$a$1548 [0]
      New connections: $memory\w_rom$rdmux[0][3][4]$a$1548 [1] = $memory\w_rom$rdmux[0][3][4]$a$1548 [0]
    Consolidated identical input bits for $mux cell $memory\w_rom$rdmux[0][4][7]$1580:
      Old ports: A=2'01, B=2'00, Y=$memory\w_rom$rdmux[0][3][3]$b$1546
      New ports: A=1'1, B=1'0, Y=$memory\w_rom$rdmux[0][3][3]$b$1546 [0]
      New connections: $memory\w_rom$rdmux[0][3][3]$b$1546 [1] = 1'0
    Consolidated identical input bits for $mux cell $memory\w_rom$rdmux[0][4][6]$1577:
      Old ports: A=2'11, B=2'01, Y=$memory\w_rom$rdmux[0][3][3]$a$1545
      New ports: A=1'1, B=1'0, Y=$memory\w_rom$rdmux[0][3][3]$a$1545 [1]
      New connections: $memory\w_rom$rdmux[0][3][3]$a$1545 [0] = 1'1
    Consolidated identical input bits for $mux cell $memory\w_rom$rdmux[0][4][5]$1574:
      Old ports: A=2'00, B=2'01, Y=$memory\w_rom$rdmux[0][3][2]$b$1543
      New ports: A=1'0, B=1'1, Y=$memory\w_rom$rdmux[0][3][2]$b$1543 [0]
      New connections: $memory\w_rom$rdmux[0][3][2]$b$1543 [1] = 1'0
    Consolidated identical input bits for $mux cell $memory\w_rom$rdmux[0][4][4]$1571:
      Old ports: A=2'00, B=2'01, Y=$memory\w_rom$rdmux[0][3][2]$a$1542
      New ports: A=1'0, B=1'1, Y=$memory\w_rom$rdmux[0][3][2]$a$1542 [0]
      New connections: $memory\w_rom$rdmux[0][3][2]$a$1542 [1] = 1'0
    Consolidated identical input bits for $mux cell $memory\w_rom$rdmux[0][4][3]$1568:
      Old ports: A=2'00, B=2'01, Y=$memory\w_rom$rdmux[0][3][1]$b$1540
      New ports: A=1'0, B=1'1, Y=$memory\w_rom$rdmux[0][3][1]$b$1540 [0]
      New connections: $memory\w_rom$rdmux[0][3][1]$b$1540 [1] = 1'0
    Consolidated identical input bits for $mux cell $memory\w_rom$rdmux[0][4][2]$1565:
      Old ports: A=2'01, B=2'11, Y=$memory\w_rom$rdmux[0][3][1]$a$1539
      New ports: A=1'0, B=1'1, Y=$memory\w_rom$rdmux[0][3][1]$a$1539 [1]
      New connections: $memory\w_rom$rdmux[0][3][1]$a$1539 [0] = 1'1
    Consolidated identical input bits for $mux cell $memory\w_rom$rdmux[0][4][1]$1562:
      Old ports: A=2'01, B=2'00, Y=$memory\w_rom$rdmux[0][3][0]$b$1537
      New ports: A=1'1, B=1'0, Y=$memory\w_rom$rdmux[0][3][0]$b$1537 [0]
      New connections: $memory\w_rom$rdmux[0][3][0]$b$1537 [1] = 1'0
    Consolidated identical input bits for $mux cell $memory\w_rom$rdmux[0][4][0]$1559:
      Old ports: A=2'01, B=2'11, Y=$memory\w_rom$rdmux[0][3][0]$a$1536
      New ports: A=1'0, B=1'1, Y=$memory\w_rom$rdmux[0][3][0]$a$1536 [1]
      New connections: $memory\w_rom$rdmux[0][3][0]$a$1536 [0] = 1'1
    Consolidated identical input bits for $mux cell $procmux$641:
      Old ports: A=2'10, B=2'11, Y=$procmux$641_Y
      New ports: A=1'0, B=1'1, Y=$procmux$641_Y [0]
      New connections: $procmux$641_Y [1] = 1'1
    Consolidated identical input bits for $mux cell $procmux$608:
      Old ports: A=8'00000010, B={ 7'0000000 $1\argmax[7:0] }, Y=$2\argmax[7:0]
      New ports: A=2'10, B={ 1'0 $1\argmax[7:0] }, Y=$2\argmax[7:0] [1:0]
      New connections: $2\argmax[7:0] [7:2] = 6'000000
    Consolidated identical input bits for $mux cell $memory\w_rom$rdmux[0][4][15]$1604:
      Old ports: A=2'01, B=2'11, Y=$memory\w_rom$rdmux[0][3][7]$b$1558
      New ports: A=1'0, B=1'1, Y=$memory\w_rom$rdmux[0][3][7]$b$1558 [1]
      New connections: $memory\w_rom$rdmux[0][3][7]$b$1558 [0] = 1'1
    Consolidated identical input bits for $mux cell $auto$ff.cc:592:unmap_ce$1384:
      Old ports: A={ 2'00 \u_core.col_cnt }, B={ 2'00 $flatten\u_core.$procmux$760_Y }, Y=$auto$rtlil.cc:3390:Mux$1385
      New ports: A=\u_core.col_cnt, B=$flatten\u_core.$procmux$760_Y, Y=$auto$rtlil.cc:3390:Mux$1385 [2:0]
      New connections: $auto$rtlil.cc:3390:Mux$1385 [4:3] = 2'00
  Optimizing cells in module \top.
    Consolidated identical input bits for $mux cell $memory\w_rom$rdmux[0][3][2]$1541:
      Old ports: A=$memory\w_rom$rdmux[0][3][2]$a$1542, B=$memory\w_rom$rdmux[0][3][2]$b$1543, Y=$memory\w_rom$rdmux[0][2][1]$a$1527
      New ports: A=$memory\w_rom$rdmux[0][3][2]$a$1542 [0], B=$memory\w_rom$rdmux[0][3][2]$b$1543 [0], Y=$memory\w_rom$rdmux[0][2][1]$a$1527 [0]
      New connections: $memory\w_rom$rdmux[0][2][1]$a$1527 [1] = 1'0
    Consolidated identical input bits for $mux cell $auto$ff.cc:614:unmap_srst$1386:
      Old ports: A=5'00000, B=$auto$rtlil.cc:3390:Mux$1385, Y=$auto$rtlil.cc:3390:Mux$1387
      New ports: A=3'000, B=$auto$rtlil.cc:3390:Mux$1385 [2:0], Y=$auto$rtlil.cc:3390:Mux$1387 [2:0]
      New connections: $auto$rtlil.cc:3390:Mux$1387 [4:3] = 2'00
    Consolidated identical input bits for $mux cell $procmux$605:
      Old ports: A=8'00000011, B=$2\argmax[7:0], Y=\argmax
      New ports: A=2'11, B=$2\argmax[7:0] [1:0], Y=\argmax [1:0]
      New connections: \argmax [7:2] = 6'000000
  Optimizing cells in module \top.
    Consolidated identical input bits for $mux cell $procmux$632:
      Old ports: A=\argmax, B=8'00000001, Y=$procmux$632_Y
      New ports: A=\argmax [1:0], B=2'01, Y=$procmux$632_Y [1:0]
      New connections: $procmux$632_Y [7:2] = 6'000000
  Optimizing cells in module \top.
Performed a total of 22 changes.

5.21.5. Executing OPT_MERGE pass (detect identical cells).
Finding identical cells in module `\top'.
Computing hashes of 473 cells of `\top'.
Finding duplicate cells in `\top'.
Computing hashes of 460 cells of `\top'.
Finding duplicate cells in `\top'.
<suppressed ~39 debug messages>
Removed a total of 13 cells.

5.21.6. Executing OPT_SHARE pass.
    Found cells that share an operand and can be merged by moving the $mux $flatten\u_core.$procmux$698 in front of them:
        $auto$alumacc.cc:512:replace_alu$1347
        $auto$alumacc.cc:512:replace_alu$1344

    Found cells that share an operand and can be merged by moving the $mux $flatten\u_core.$procmux$713 in front of them:
        $auto$alumacc.cc:512:replace_alu$1338
        $auto$alumacc.cc:512:replace_alu$1335

    Found cells that share an operand and can be merged by moving the $mux $flatten\u_core.$procmux$728 in front of them:
        $auto$alumacc.cc:512:replace_alu$1329
        $auto$alumacc.cc:512:replace_alu$1326

    Found cells that share an operand and can be merged by moving the $mux $flatten\u_core.$procmux$743 in front of them:
        $auto$alumacc.cc:512:replace_alu$1320
        $auto$alumacc.cc:512:replace_alu$1317

5.21.7. Executing OPT_DFF pass (perform DFF optimizations).
Adding SRST signal on $\u_core.w_mem$rdreg[3] ($dff) from module top (D = $auto$rtlil.cc:3390:Mux$1385 [2:0], Q = $\u_core.w_mem$rdreg[3]$q [2:0], rval = 3'000).

5.21.8. Executing OPT_CLEAN pass (remove unused cells and wires).
Finding unused cells or wires in module \top..
Removed 1 unused cells and 325 unused wires.
<suppressed ~2 debug messages>

5.21.9. Executing OPT_EXPR pass (perform const folding).
Optimizing module top.
<suppressed ~9 debug messages>

5.21.10. Rerunning OPT passes. (Maybe there is more to do..)

5.21.11. Executing OPT_MUXTREE pass (detect dead branches in mux trees).
Running muxtree optimizer on module \top..
  Creating internal representation of mux trees.
  Evaluating internal representation of mux trees.
  Analyzing evaluation results.
Removed 0 multiplexer ports.
<suppressed ~216 debug messages>

5.21.12. Executing OPT_REDUCE pass (consolidate $*mux and $reduce_* inputs).
  Optimizing cells in module \top.
    Consolidated identical input bits for $mux cell $memory\w_rom$rdmux[0][3][4]$1547:
      Old ports: A={ $memory\w_rom$rdmux[0][3][0]$b$1537 [0] $memory\w_rom$rdmux[0][3][0]$b$1537 [0] }, B={ $memory\w_rom$rdmux[0][3][0]$b$1537 [0] 1'1 }, Y=$memory\w_rom$rdmux[0][2][2]$a$1530
      New ports: A=$memory\w_rom$rdmux[0][3][0]$b$1537 [0], B=1'1, Y=$memory\w_rom$rdmux[0][2][2]$a$1530 [0]
      New connections: $memory\w_rom$rdmux[0][2][2]$a$1530 [1] = $memory\w_rom$rdmux[0][3][0]$b$1537 [0]
  Optimizing cells in module \top.
Performed a total of 1 changes.

5.21.13. Executing OPT_MERGE pass (detect identical cells).
Finding identical cells in module `\top'.
Computing hashes of 457 cells of `\top'.
Finding duplicate cells in `\top'.
Computing hashes of 454 cells of `\top'.
Finding duplicate cells in `\top'.
<suppressed ~9 debug messages>
Removed a total of 3 cells.

5.21.14. Executing OPT_SHARE pass.

5.21.15. Executing OPT_DFF pass (perform DFF optimizations).
Adding EN signal on $memory\u_spi.reg_file[0]$1415 ($dff) from module top (D = $memory\u_spi.reg_file$wrmux[0][2][0]$y$1457, Q = \u_spi.reg_file[0]).
Adding EN signal on $memory\u_spi.reg_file[1]$1417 ($dff) from module top (D = $memory\u_spi.reg_file$wrmux[1][2][0]$y$1477, Q = \u_spi.reg_file[1]).
Adding EN signal on $memory\u_spi.reg_file[2]$1419 ($dff) from module top (D = $memory\u_spi.reg_file$wrmux[2][2][0]$y$1497, Q = \u_spi.reg_file[2]).
Adding EN signal on $memory\u_spi.reg_file[3]$1421 ($dff) from module top (D = $memory\u_spi.reg_file$wrmux[3][2][0]$y$1513, Q = \u_spi.reg_file[3]).
Adding EN signal on $memory\u_core.w_mem[0]$1607 ($dff) from module top (D = \w_din, Q = \u_core.w_mem[0]).
Adding EN signal on $memory\u_core.w_mem[1]$1609 ($dff) from module top (D = \w_din, Q = \u_core.w_mem[1]).
Adding EN signal on $memory\u_core.w_mem[2]$1611 ($dff) from module top (D = \w_din, Q = \u_core.w_mem[2]).
Adding EN signal on $memory\u_core.w_mem[3]$1613 ($dff) from module top (D = \w_din, Q = \u_core.w_mem[3]).
Adding EN signal on $memory\u_core.w_mem[4]$1615 ($dff) from module top (D = \w_din, Q = \u_core.w_mem[4]).
Adding EN signal on $memory\u_core.w_mem[5]$1617 ($dff) from module top (D = \w_din, Q = \u_core.w_mem[5]).
Adding EN signal on $memory\u_core.w_mem[6]$1619 ($dff) from module top (D = \w_din, Q = \u_core.w_mem[6]).
Adding EN signal on $memory\u_core.w_mem[7]$1621 ($dff) from module top (D = \w_din, Q = \u_core.w_mem[7]).
Adding EN signal on $memory\u_core.w_mem[8]$1623 ($dff) from module top (D = \w_din, Q = \u_core.w_mem[8]).
Adding EN signal on $memory\u_core.w_mem[9]$1625 ($dff) from module top (D = \w_din, Q = \u_core.w_mem[9]).
Adding EN signal on $memory\u_core.w_mem[10]$1627 ($dff) from module top (D = \w_din, Q = \u_core.w_mem[10]).
Adding EN signal on $memory\u_core.w_mem[11]$1629 ($dff) from module top (D = \w_din, Q = \u_core.w_mem[11]).
Adding EN signal on $memory\u_core.w_mem[12]$1631 ($dff) from module top (D = \w_din, Q = \u_core.w_mem[12]).
Adding EN signal on $memory\u_core.w_mem[13]$1633 ($dff) from module top (D = \w_din, Q = \u_core.w_mem[13]).
Adding EN signal on $memory\u_core.w_mem[14]$1635 ($dff) from module top (D = \w_din, Q = \u_core.w_mem[14]).
Adding EN signal on $memory\u_core.w_mem[15]$1637 ($dff) from module top (D = \w_din, Q = \u_core.w_mem[15]).
Adding EN signal on $memory\u_core.w_mem[16]$1639 ($dff) from module top (D = \w_din, Q = \u_core.w_mem[16]).
Adding EN signal on $memory\u_core.w_mem[17]$1641 ($dff) from module top (D = \w_din, Q = \u_core.w_mem[17]).
Adding EN signal on $memory\u_core.w_mem[18]$1643 ($dff) from module top (D = \w_din, Q = \u_core.w_mem[18]).
Adding EN signal on $memory\u_core.w_mem[19]$1645 ($dff) from module top (D = \w_din, Q = \u_core.w_mem[19]).
Adding EN signal on $memory\u_core.w_mem[20]$1647 ($dff) from module top (D = \w_din, Q = \u_core.w_mem[20]).
Adding EN signal on $memory\u_core.w_mem[21]$1649 ($dff) from module top (D = \w_din, Q = \u_core.w_mem[21]).
Adding EN signal on $memory\u_core.w_mem[22]$1651 ($dff) from module top (D = \w_din, Q = \u_core.w_mem[22]).
Adding EN signal on $memory\u_core.w_mem[23]$1653 ($dff) from module top (D = \w_din, Q = \u_core.w_mem[23]).
Adding EN signal on $memory\u_core.w_mem[24]$1655 ($dff) from module top (D = \w_din, Q = \u_core.w_mem[24]).
Adding EN signal on $memory\u_core.w_mem[25]$1657 ($dff) from module top (D = \w_din, Q = \u_core.w_mem[25]).
Adding EN signal on $memory\u_core.w_mem[26]$1659 ($dff) from module top (D = \w_din, Q = \u_core.w_mem[26]).
Adding EN signal on $memory\u_core.w_mem[27]$1661 ($dff) from module top (D = \w_din, Q = \u_core.w_mem[27]).
Adding EN signal on $memory\u_core.w_mem[28]$1663 ($dff) from module top (D = \w_din, Q = \u_core.w_mem[28]).
Adding EN signal on $memory\u_core.w_mem[29]$1665 ($dff) from module top (D = \w_din, Q = \u_core.w_mem[29]).
Adding EN signal on $memory\u_core.w_mem[30]$1667 ($dff) from module top (D = \w_din, Q = \u_core.w_mem[30]).
Adding EN signal on $memory\u_core.w_mem[31]$1669 ($dff) from module top (D = \w_din, Q = \u_core.w_mem[31]).
Setting constant 0-bit at position 2 on $auto$ff.cc:337:slice$1153 ($sdffe) from module top.
Setting constant 0-bit at position 3 on $auto$ff.cc:337:slice$1153 ($sdffe) from module top.
Setting constant 0-bit at position 4 on $auto$ff.cc:337:slice$1153 ($sdffe) from module top.
Setting constant 0-bit at position 5 on $auto$ff.cc:337:slice$1153 ($sdffe) from module top.
Setting constant 0-bit at position 6 on $auto$ff.cc:337:slice$1153 ($sdffe) from module top.
Setting constant 0-bit at position 7 on $auto$ff.cc:337:slice$1153 ($sdffe) from module top.
Setting constant 0-bit at position 0 on $auto$ff.cc:337:slice$2316 ($dff) from module top.
Setting constant 0-bit at position 1 on $auto$ff.cc:337:slice$2316 ($dff) from module top.

5.21.16. Executing OPT_CLEAN pass (remove unused cells and wires).
Finding unused cells or wires in module \top..
Removed 32 unused cells and 43 unused wires.
<suppressed ~33 debug messages>

5.21.17. Executing OPT_EXPR pass (perform const folding).
Optimizing module top.
<suppressed ~9 debug messages>

5.21.18. Rerunning OPT passes. (Maybe there is more to do..)

5.21.19. Executing OPT_MUXTREE pass (detect dead branches in mux trees).
Running muxtree optimizer on module \top..
  Creating internal representation of mux trees.
  Evaluating internal representation of mux trees.
  Analyzing evaluation results.
    dead port 1/2 on $mux $memory\u_core.w_mem$rdmux[3][2][3]$1968.
    dead port 2/2 on $mux $memory\u_core.w_mem$rdmux[3][2][3]$1968.
    dead port 1/2 on $mux $memory\u_core.w_mem$rdmux[3][2][2]$1965.
    dead port 2/2 on $mux $memory\u_core.w_mem$rdmux[3][2][2]$1965.
    dead port 1/2 on $mux $memory\u_core.w_mem$rdmux[3][2][1]$1962.
    dead port 2/2 on $mux $memory\u_core.w_mem$rdmux[3][2][1]$1962.
    dead port 1/2 on $mux $memory\u_core.w_mem$rdmux[3][3][7]$1992.
    dead port 2/2 on $mux $memory\u_core.w_mem$rdmux[3][3][7]$1992.
    dead port 1/2 on $mux $memory\u_core.w_mem$rdmux[3][3][6]$1989.
    dead port 2/2 on $mux $memory\u_core.w_mem$rdmux[3][3][6]$1989.
    dead port 1/2 on $mux $memory\u_core.w_mem$rdmux[3][4][15]$2040.
    dead port 2/2 on $mux $memory\u_core.w_mem$rdmux[3][4][15]$2040.
    dead port 1/2 on $mux $memory\u_core.w_mem$rdmux[3][4][14]$2037.
    dead port 2/2 on $mux $memory\u_core.w_mem$rdmux[3][4][14]$2037.
    dead port 1/2 on $mux $memory\u_core.w_mem$rdmux[3][4][13]$2034.
    dead port 2/2 on $mux $memory\u_core.w_mem$rdmux[3][4][13]$2034.
    dead port 1/2 on $mux $memory\u_core.w_mem$rdmux[3][4][12]$2031.
    dead port 2/2 on $mux $memory\u_core.w_mem$rdmux[3][4][12]$2031.
    dead port 1/2 on $mux $memory\u_core.w_mem$rdmux[3][4][11]$2028.
    dead port 2/2 on $mux $memory\u_core.w_mem$rdmux[3][4][11]$2028.
    dead port 1/2 on $mux $memory\u_core.w_mem$rdmux[3][4][10]$2025.
    dead port 2/2 on $mux $memory\u_core.w_mem$rdmux[3][4][10]$2025.
    dead port 1/2 on $mux $memory\u_core.w_mem$rdmux[3][4][9]$2022.
    dead port 2/2 on $mux $memory\u_core.w_mem$rdmux[3][4][9]$2022.
    dead port 1/2 on $mux $memory\u_core.w_mem$rdmux[3][4][8]$2019.
    dead port 2/2 on $mux $memory\u_core.w_mem$rdmux[3][4][8]$2019.
    dead port 1/2 on $mux $memory\u_core.w_mem$rdmux[3][4][7]$2016.
    dead port 2/2 on $mux $memory\u_core.w_mem$rdmux[3][4][7]$2016.
    dead port 1/2 on $mux $memory\u_core.w_mem$rdmux[3][4][6]$2013.
    dead port 2/2 on $mux $memory\u_core.w_mem$rdmux[3][4][6]$2013.
    dead port 1/2 on $mux $memory\u_core.w_mem$rdmux[3][4][5]$2010.
    dead port 2/2 on $mux $memory\u_core.w_mem$rdmux[3][4][5]$2010.
    dead port 1/2 on $mux $memory\u_core.w_mem$rdmux[3][4][4]$2007.
    dead port 2/2 on $mux $memory\u_core.w_mem$rdmux[3][4][4]$2007.
    dead port 1/2 on $mux $memory\u_core.w_mem$rdmux[3][3][2]$1977.
    dead port 2/2 on $mux $memory\u_core.w_mem$rdmux[3][3][2]$1977.
    dead port 1/2 on $mux $memory\u_core.w_mem$rdmux[3][3][5]$1986.
    dead port 2/2 on $mux $memory\u_core.w_mem$rdmux[3][3][5]$1986.
    dead port 1/2 on $mux $memory\u_core.w_mem$rdmux[3][3][4]$1983.
    dead port 2/2 on $mux $memory\u_core.w_mem$rdmux[3][3][4]$1983.
    dead port 1/2 on $mux $memory\u_core.w_mem$rdmux[3][3][3]$1980.
    dead port 2/2 on $mux $memory\u_core.w_mem$rdmux[3][3][3]$1980.
Removed 42 multiplexer ports.
<suppressed ~123 debug messages>

5.21.20. Executing OPT_REDUCE pass (consolidate $*mux and $reduce_* inputs).
  Optimizing cells in module \top.
    Consolidated identical input bits for $mux cell $auto$memory_share.cc:437:consolidate_wr_using_sat$1392:
      Old ports: A=8'00000000, B={ 6'000000 \cc_wdata [1:0] }, Y=$auto$rtlil.cc:3390:Mux$1393
      New ports: A=2'00, B=\cc_wdata [1:0], Y=$auto$rtlil.cc:3390:Mux$1393 [1:0]
      New connections: $auto$rtlil.cc:3390:Mux$1393 [7:2] = 6'000000
  Optimizing cells in module \top.
    Consolidated identical input bits for $mux cell $memory\u_spi.reg_file$wrmux[2][1][0]$1488:
      Old ports: A=8'00000000, B=$auto$rtlil.cc:3390:Mux$1393, Y=$memory\u_spi.reg_file$wrmux[2][1][0]$y$1489
      New ports: A=2'00, B=$auto$rtlil.cc:3390:Mux$1393 [1:0], Y=$memory\u_spi.reg_file$wrmux[2][1][0]$y$1489 [1:0]
      New connections: $memory\u_spi.reg_file$wrmux[2][1][0]$y$1489 [7:2] = 6'000000
    Consolidated identical input bits for $mux cell $memory\u_spi.reg_file$wrmux[1][1][0]$1468:
      Old ports: A=8'00000000, B=$auto$rtlil.cc:3390:Mux$1393, Y=$memory\u_spi.reg_file$wrmux[1][1][0]$y$1469
      New ports: A=2'00, B=$auto$rtlil.cc:3390:Mux$1393 [1:0], Y=$memory\u_spi.reg_file$wrmux[1][1][0]$y$1469 [1:0]
      New connections: $memory\u_spi.reg_file$wrmux[1][1][0]$y$1469 [7:2] = 6'000000
    Consolidated identical input bits for $mux cell $memory\u_spi.reg_file$wrmux[0][1][0]$1446:
      Old ports: A=8'00000000, B=$auto$rtlil.cc:3390:Mux$1393, Y=$memory\u_spi.reg_file$wrmux[0][1][0]$y$1447
      New ports: A=2'00, B=$auto$rtlil.cc:3390:Mux$1393 [1:0], Y=$memory\u_spi.reg_file$wrmux[0][1][0]$y$1447 [1:0]
      New connections: $memory\u_spi.reg_file$wrmux[0][1][0]$y$1447 [7:2] = 6'000000
  Optimizing cells in module \top.
Performed a total of 4 changes.

5.21.21. Executing OPT_MERGE pass (detect identical cells).
Finding identical cells in module `\top'.
Computing hashes of 397 cells of `\top'.
Finding duplicate cells in `\top'.
Removed a total of 0 cells.

5.21.22. Executing OPT_SHARE pass.

5.21.23. Executing OPT_DFF pass (perform DFF optimizations).

5.21.24. Executing OPT_CLEAN pass (remove unused cells and wires).
Finding unused cells or wires in module \top..
Removed 0 unused cells and 28 unused wires.
<suppressed ~1 debug messages>

5.21.25. Executing OPT_EXPR pass (perform const folding).
Optimizing module top.

5.21.26. Rerunning OPT passes. (Maybe there is more to do..)

5.21.27. Executing OPT_MUXTREE pass (detect dead branches in mux trees).
Running muxtree optimizer on module \top..
  Creating internal representation of mux trees.
  Evaluating internal representation of mux trees.
  Analyzing evaluation results.
Removed 0 multiplexer ports.
<suppressed ~123 debug messages>

5.21.28. Executing OPT_REDUCE pass (consolidate $*mux and $reduce_* inputs).
  Optimizing cells in module \top.
Performed a total of 0 changes.

5.21.29. Executing OPT_MERGE pass (detect identical cells).
Finding identical cells in module `\top'.
Computing hashes of 397 cells of `\top'.
Finding duplicate cells in `\top'.
Removed a total of 0 cells.

5.21.30. Executing OPT_SHARE pass.

5.21.31. Executing OPT_DFF pass (perform DFF optimizations).
Adding SRST signal on $auto$ff.cc:337:slice$2317 ($dffe) from module top (D = \u_spi.rx_shift [7:2], Q = \u_spi.reg_file[0] [7:2], rval = 6'000000).
Adding SRST signal on $auto$ff.cc:337:slice$2320 ($dffe) from module top (D = \u_spi.rx_shift [7:2], Q = \u_spi.reg_file[1] [7:2], rval = 6'000000).
Adding SRST signal on $auto$ff.cc:337:slice$2323 ($dffe) from module top (D = \u_spi.rx_shift [7:2], Q = \u_spi.reg_file[2] [7:2], rval = 6'000000).
Adding SRST signal on $auto$ff.cc:337:slice$2326 ($dffe) from module top (D = \u_spi.rx_shift [7:2], Q = \u_spi.reg_file[3] [7:2], rval = 6'000000).

5.21.32. Executing OPT_CLEAN pass (remove unused cells and wires).
Finding unused cells or wires in module \top..

5.21.33. Executing OPT_EXPR pass (perform const folding).
Optimizing module top.

5.21.34. Rerunning OPT passes. (Maybe there is more to do..)

5.21.35. Executing OPT_MUXTREE pass (detect dead branches in mux trees).
Running muxtree optimizer on module \top..
  Creating internal representation of mux trees.
  Evaluating internal representation of mux trees.
  Analyzing evaluation results.
Removed 0 multiplexer ports.
<suppressed ~123 debug messages>

5.21.36. Executing OPT_REDUCE pass (consolidate $*mux and $reduce_* inputs).
  Optimizing cells in module \top.
Performed a total of 0 changes.

5.21.37. Executing OPT_MERGE pass (detect identical cells).
Finding identical cells in module `\top'.
Computing hashes of 401 cells of `\top'.
Finding duplicate cells in `\top'.
Removed a total of 0 cells.

5.21.38. Executing OPT_SHARE pass.

5.21.39. Executing OPT_DFF pass (perform DFF optimizations).

5.21.40. Executing OPT_CLEAN pass (remove unused cells and wires).
Finding unused cells or wires in module \top..

5.21.41. Executing OPT_EXPR pass (perform const folding).
Optimizing module top.

5.21.42. Finished fast OPT passes. (There is nothing left to do.)

5.22. Executing TECHMAP pass (map to technology primitives).

5.22.1. Executing Verilog-2005 frontend: /opt/homebrew/bin/../share/yosys/techmap.v
Parsing Verilog input from `/opt/homebrew/bin/../share/yosys/techmap.v' to AST representation.
Generating RTLIL representation for module `\_90_simplemap_bool_ops'.
Generating RTLIL representation for module `\_90_simplemap_reduce_ops'.
Generating RTLIL representation for module `\_90_simplemap_logic_ops'.
Generating RTLIL representation for module `\_90_simplemap_compare_ops'.
Generating RTLIL representation for module `\_90_simplemap_various'.
Generating RTLIL representation for module `\_90_simplemap_registers'.
Generating RTLIL representation for module `\_90_shift_ops_shr_shl_sshl_sshr'.
Generating RTLIL representation for module `\_90_shift_shiftx'.
Generating RTLIL representation for module `\_90_fa'.
Generating RTLIL representation for module `\_90_lcu_brent_kung'.
Generating RTLIL representation for module `\_90_alu'.
Generating RTLIL representation for module `\_90_macc'.
Generating RTLIL representation for module `\_90_alumacc'.
Generating RTLIL representation for module `$__div_mod_u'.
Generating RTLIL representation for module `$__div_mod_trunc'.
Generating RTLIL representation for module `\_90_div'.
Generating RTLIL representation for module `\_90_mod'.
Generating RTLIL representation for module `$__div_mod_floor'.
Generating RTLIL representation for module `\_90_divfloor'.
Generating RTLIL representation for module `\_90_modfloor'.
Generating RTLIL representation for module `\_90_pow'.
Generating RTLIL representation for module `\_90_demux'.
Generating RTLIL representation for module `\_90_lut'.
Generating RTLIL representation for module `$connect'.
Generating RTLIL representation for module `$input_port'.
Successfully finished Verilog frontend.

5.22.2. Continuing TECHMAP pass.
Using extmapper simplemap for cells of type $dffe.
Using extmapper simplemap for cells of type $sdffce.
Using extmapper simplemap for cells of type $sdffe.
Using extmapper simplemap for cells of type $reduce_bool.
Using extmapper simplemap for cells of type $ne.
Using extmapper simplemap for cells of type $sdff.
Using extmapper simplemap for cells of type $mux.
Running "alumacc" on wrapper $extern:wrap:$neg:Y_WIDTH=32:A_WIDTH=32:A_SIGNED=1:394426c56d1a028ba8fdd5469b163e04011def47.
Using template $extern:wrap:$neg:Y_WIDTH=32:A_WIDTH=32:A_SIGNED=1:394426c56d1a028ba8fdd5469b163e04011def47 for cells of type $extern:wrap:$neg:Y_WIDTH=32:A_WIDTH=32:A_SIGNED=1:394426c56d1a028ba8fdd5469b163e04011def47.
Using extmapper simplemap for cells of type $and.
Using extmapper simplemap for cells of type $not.
Using extmapper simplemap for cells of type $or.
Using template $paramod$672a140277c71df8314410f22acc08d55222c3c7\_90_alu for cells of type $alu.
Using template $paramod$b8a7a49af93c9972e4faced050a7ddb2a5968b70\_90_alu for cells of type $alu.
Using template $paramod$3ef7d3dd227da7627a99c5e5a6a4deb817573e39\_90_alu for cells of type $alu.
Using template $paramod$175e67c02b86e96b1288b9dc100122520d7240d8\_90_alu for cells of type $alu.
Using template $paramod$2653f68ddb8eab7b1907b4a20767b72a824a7a36\_90_alu for cells of type $alu.
Using extmapper simplemap for cells of type $reduce_or.
Using extmapper simplemap for cells of type $reduce_and.
Using template $paramod$ba698a254f9a5947e85cbe7beae6b161eefc5386\_90_alu for cells of type $alu.
Using template $paramod$fc972a7a46956c1788f3cb5257b53c8f1df2d0cc\_90_alu for cells of type $alu.
Using extmapper simplemap for cells of type $xor.
Using template $paramod$constmap:7d21ee706fc80f8b1c50640f47f1117a3311c387$paramod$6a58d86bc0105c33b40c66220fb2232c1caaaa03\_90_shift_shiftx for cells of type $shiftx.
Using template $paramod$constmap:e5a3685261d0f802f967082a1c4aee7ddfd0a597$paramod$c975a7b1d523a19f62bd2f805c33d2354b1901d0\_90_shift_shiftx for cells of type $shiftx.
Using extmapper simplemap for cells of type $eq.
Using extmapper simplemap for cells of type $dff.
Using extmapper simplemap for cells of type $logic_not.
Using extmapper simplemap for cells of type $logic_and.
Using template $paramod$constmap:344a5d64a882abcb583ebb3313019d5570e90afe$paramod$725c87e39d9cfa8e3f87960d3d9518e9172132b3\_90_shift_shiftx for cells of type $shift.
Analyzing pattern of constant bits for this cell:
Creating constmapped module `$paramod$constmap:f0a22e8369d249422875da2d8b5ddc160fe977df$paramod$725c87e39d9cfa8e3f87960d3d9518e9172132b3\_90_shift_shiftx'.

5.22.34. Executing OPT_MUXTREE pass (detect dead branches in mux trees).
Running muxtree optimizer on module $paramod$constmap:f0a22e8369d249422875da2d8b5ddc160fe977df$paramod$725c87e39d9cfa8e3f87960d3d9518e9172132b3\_90_shift_shiftx..
  Creating internal representation of mux trees.
  Evaluating internal representation of mux trees.
  Analyzing evaluation results.
    dead port 2/2 on $mux $procmux$3662.
    dead port 2/2 on $mux $procmux$3668.
    dead port 2/2 on $mux $procmux$3674.
    dead port 2/2 on $mux $procmux$3680.
    dead port 2/2 on $mux $procmux$3686.
    dead port 2/2 on $mux $procmux$3692.
    dead port 2/2 on $mux $procmux$3698.
    dead port 2/2 on $mux $procmux$3704.
Removed 8 multiplexer ports.
<suppressed ~1473 debug messages>

5.22.35. Executing OPT_EXPR pass (perform const folding).
Optimizing module $paramod$constmap:f0a22e8369d249422875da2d8b5ddc160fe977df$paramod$725c87e39d9cfa8e3f87960d3d9518e9172132b3\_90_shift_shiftx.
<suppressed ~26 debug messages>
Removed 0 unused cells and 13 unused wires.
Using template $paramod$constmap:f0a22e8369d249422875da2d8b5ddc160fe977df$paramod$725c87e39d9cfa8e3f87960d3d9518e9172132b3\_90_shift_shiftx for cells of type $shift.
Using extmapper simplemap for cells of type $pmux.
Using extmapper simplemap for cells of type $pos.
Using template $paramod\_90_fa\WIDTH=32'00000000000000000000000000000010 for cells of type $fa.
Using template $paramod\_90_lcu_brent_kung\WIDTH=32'00000000000000000000000000000010 for cells of type $lcu.
Using template $paramod\_90_fa\WIDTH=32'00000000000000000000000000100000 for cells of type $fa.
Using template $paramod\_90_lcu_brent_kung\WIDTH=32'00000000000000000000000000100000 for cells of type $lcu.
Using template $paramod\_90_fa\WIDTH=32'00000000000000000000000000000001 for cells of type $fa.
Using template $paramod\_90_lcu_brent_kung\WIDTH=32'00000000000000000000000000000001 for cells of type $lcu.
Using template $paramod\_90_fa\WIDTH=32'00000000000000000000000000000011 for cells of type $fa.
Using template $paramod\_90_lcu_brent_kung\WIDTH=32'00000000000000000000000000000011 for cells of type $lcu.
Using template $paramod\_90_fa\WIDTH=32'00000000000000000000000000100001 for cells of type $fa.
Using template $paramod\_90_lcu_brent_kung\WIDTH=32'00000000000000000000000000100001 for cells of type $lcu.
Using template $paramod\_90_fa\WIDTH=32'00000000000000000000000000000101 for cells of type $fa.
Using template $paramod\_90_lcu_brent_kung\WIDTH=32'00000000000000000000000000000101 for cells of type $lcu.
Using template $paramod$c6baa65225090ac0a120feab1b920965244aa496\_90_alu for cells of type $alu.
No more expansions possible.
<suppressed ~2599 debug messages>

5.23. Executing OPT pass (performing simple optimizations).

5.23.1. Executing OPT_EXPR pass (perform const folding).
Optimizing module top.
<suppressed ~10160 debug messages>

5.23.2. Executing OPT_MERGE pass (detect identical cells).
Finding identical cells in module `\top'.
Computing hashes of 5641 cells of `\top'.
Finding duplicate cells in `\top'.
Computing hashes of 5459 cells of `\top'.
Finding duplicate cells in `\top'.
Computing hashes of 5390 cells of `\top'.
Finding duplicate cells in `\top'.
Computing hashes of 5356 cells of `\top'.
Finding duplicate cells in `\top'.
Computing hashes of 5316 cells of `\top'.
Finding duplicate cells in `\top'.
Computing hashes of 5252 cells of `\top'.
Finding duplicate cells in `\top'.
Computing hashes of 5132 cells of `\top'.
Finding duplicate cells in `\top'.
Computing hashes of 4900 cells of `\top'.
Finding duplicate cells in `\top'.
Computing hashes of 4787 cells of `\top'.
Finding duplicate cells in `\top'.
Computing hashes of 4786 cells of `\top'.
Finding duplicate cells in `\top'.
Computing hashes of 4785 cells of `\top'.
Finding duplicate cells in `\top'.
Computing hashes of 4784 cells of `\top'.
Finding duplicate cells in `\top'.
Computing hashes of 4783 cells of `\top'.
Finding duplicate cells in `\top'.
Computing hashes of 4782 cells of `\top'.
Finding duplicate cells in `\top'.
Computing hashes of 4781 cells of `\top'.
Finding duplicate cells in `\top'.
Computing hashes of 4780 cells of `\top'.
Finding duplicate cells in `\top'.
Computing hashes of 4779 cells of `\top'.
Finding duplicate cells in `\top'.
Computing hashes of 4778 cells of `\top'.
Finding duplicate cells in `\top'.
Computing hashes of 4777 cells of `\top'.
Finding duplicate cells in `\top'.
Computing hashes of 4776 cells of `\top'.
Finding duplicate cells in `\top'.
Computing hashes of 4775 cells of `\top'.
Finding duplicate cells in `\top'.
Computing hashes of 4774 cells of `\top'.
Finding duplicate cells in `\top'.
Computing hashes of 4773 cells of `\top'.
Finding duplicate cells in `\top'.
Computing hashes of 4772 cells of `\top'.
Finding duplicate cells in `\top'.
Computing hashes of 4771 cells of `\top'.
Finding duplicate cells in `\top'.
<suppressed ~2610 debug messages>
Removed a total of 870 cells.

5.23.3. Executing OPT_DFF pass (perform DFF optimizations).
Adding SRST signal on $auto$ff.cc:337:slice$3341 ($_SDFF_PN0_) from module top (D = $auto$simplemap.cc:189:logic_reduce$4253, Q = \cc_wr, rval = 1'0).

5.23.4. Executing OPT_CLEAN pass (remove unused cells and wires).
Finding unused cells or wires in module \top..
Removed 737 unused cells and 1410 unused wires.
<suppressed ~738 debug messages>

5.23.5. Rerunning OPT passes. (Removed registers in this run.)

5.23.6. Executing OPT_EXPR pass (perform const folding).
Optimizing module top.
<suppressed ~39 debug messages>

5.23.7. Executing OPT_MERGE pass (detect identical cells).
Finding identical cells in module `\top'.
Computing hashes of 3996 cells of `\top'.
Finding duplicate cells in `\top'.
Computing hashes of 3988 cells of `\top'.
Finding duplicate cells in `\top'.
Computing hashes of 3978 cells of `\top'.
Finding duplicate cells in `\top'.
Computing hashes of 3946 cells of `\top'.
Finding duplicate cells in `\top'.
Computing hashes of 3905 cells of `\top'.
Finding duplicate cells in `\top'.
Computing hashes of 3889 cells of `\top'.
Finding duplicate cells in `\top'.
Computing hashes of 3885 cells of `\top'.
Finding duplicate cells in `\top'.
<suppressed ~333 debug messages>
Removed a total of 111 cells.

5.23.8. Executing OPT_DFF pass (perform DFF optimizations).

5.23.9. Executing OPT_CLEAN pass (remove unused cells and wires).
Finding unused cells or wires in module \top..
Removed 0 unused cells and 32 unused wires.
<suppressed ~1 debug messages>

5.23.10. Finished fast OPT passes.

5.24. Executing ABC pass (technology mapping using ABC).

5.24.1. Extracting gate netlist of module `\top' to `<abc-temp-dir>/input.blif'..

5.24.1.1. Executed ABC.
Extracted 3450 gates and 3879 wires to a netlist network with 427 inputs and 372 outputs.
Running ABC script: <abc-temp-dir>/abc.script
ABC: ======== ABC command line "source <abc-temp-dir>/abc.script"
ABC: + read_blif <abc-temp-dir>/input.blif 
ABC: + read_library <abc-temp-dir>/stdcells.genlib 
ABC: + strash 
ABC: + &get -n 
ABC: + &fraig -x 
ABC: + &put 
ABC: + scorr 
ABC: Warning: The network is combinational (run "fraig" or "fraig_sweep").
ABC: + dc2 
ABC: + dretime 
ABC: + strash 
ABC: + &get -n 
ABC: + &dch -f 
ABC: + &nf 
ABC: + &put 
ABC: + write_blif <abc-temp-dir>/output.blif 

5.24.1.2. Re-integrating ABC results.
ABC RESULTS:               AND cells:      830
ABC RESULTS:            ANDNOT cells:      155
ABC RESULTS:               MUX cells:      297
ABC RESULTS:              NAND cells:      691
ABC RESULTS:               NOR cells:       78
ABC RESULTS:               NOT cells:       20
ABC RESULTS:                OR cells:      177
ABC RESULTS:             ORNOT cells:      111
ABC RESULTS:              XNOR cells:      168
ABC RESULTS:               XOR cells:        8
ABC RESULTS:        internal signals:     3080
ABC RESULTS:           input signals:      427
ABC RESULTS:          output signals:      372
Removing temp directory.
Removing global temp directory.

5.25. Executing OPT pass (performing simple optimizations).

5.25.1. Executing OPT_EXPR pass (perform const folding).
Optimizing module top.

5.25.2. Executing OPT_MERGE pass (detect identical cells).
Finding identical cells in module `\top'.
Computing hashes of 2970 cells of `\top'.
Finding duplicate cells in `\top'.
Removed a total of 0 cells.

5.25.3. Executing OPT_DFF pass (perform DFF optimizations).

5.25.4. Executing OPT_CLEAN pass (remove unused cells and wires).
Finding unused cells or wires in module \top..
Removed 0 unused cells and 1621 unused wires.
<suppressed ~5 debug messages>

5.25.5. Finished fast OPT passes.

5.26. Executing HIERARCHY pass (managing design hierarchy).
Attribute `top' found on module `top'. Setting top module to top.

5.26.1. Analyzing design hierarchy..
Top module:  \top

5.26.2. Analyzing design hierarchy..
Top module:  \top
Removed 0 unused modules.

5.27. Printing statistics.

=== top ===

        +----------Local Count, excluding submodules.
        | 
     2652 wires
     3839 wire bits
      117 public wires
     1297 public wire bits
        6 ports
        6 port bits
     2970 cells
      155   $_ANDNOT_
      830   $_AND_
       79   $_DFFE_PP_
        7   $_DFF_P_
      297   $_MUX_
      691   $_NAND_
       78   $_NOR_
       20   $_NOT_
      111   $_ORNOT_
      177   $_OR_
       24   $_SDFFCE_PN0P_
        3   $_SDFFE_PN0N_
      297   $_SDFFE_PN0P_
       19   $_SDFF_PN0_
        3   $_SDFF_PN1_
        1   $_SDFF_PP0_
      168   $_XNOR_
        8   $_XOR_
        2   $scopeinfo

5.28. Executing CHECK pass (checking for obvious problems).
Checking module top...
Found and reported 0 problems.

6. Executing TECHMAP pass (map to technology primitives).

6.1. Executing Verilog-2005 frontend: /opt/homebrew/bin/../share/yosys/techmap.v
Parsing Verilog input from `/opt/homebrew/bin/../share/yosys/techmap.v' to AST representation.
Generating RTLIL representation for module `\_90_simplemap_bool_ops'.
Generating RTLIL representation for module `\_90_simplemap_reduce_ops'.
Generating RTLIL representation for module `\_90_simplemap_logic_ops'.
Generating RTLIL representation for module `\_90_simplemap_compare_ops'.
Generating RTLIL representation for module `\_90_simplemap_various'.
Generating RTLIL representation for module `\_90_simplemap_registers'.
Generating RTLIL representation for module `\_90_shift_ops_shr_shl_sshl_sshr'.
Generating RTLIL representation for module `\_90_shift_shiftx'.
Generating RTLIL representation for module `\_90_fa'.
Generating RTLIL representation for module `\_90_lcu_brent_kung'.
Generating RTLIL representation for module `\_90_alu'.
Generating RTLIL representation for module `\_90_macc'.
Generating RTLIL representation for module `\_90_alumacc'.
Generating RTLIL representation for module `$__div_mod_u'.
Generating RTLIL representation for module `$__div_mod_trunc'.
Generating RTLIL representation for module `\_90_div'.
Generating RTLIL representation for module `\_90_mod'.
Generating RTLIL representation for module `$__div_mod_floor'.
Generating RTLIL representation for module `\_90_divfloor'.
Generating RTLIL representation for module `\_90_modfloor'.
Generating RTLIL representation for module `\_90_pow'.
Generating RTLIL representation for module `\_90_demux'.
Generating RTLIL representation for module `\_90_lut'.
Generating RTLIL representation for module `$connect'.
Generating RTLIL representation for module `$input_port'.
Successfully finished Verilog frontend.

6.2. Continuing TECHMAP pass.
No more expansions possible.
<suppressed ~77 debug messages>

7. Executing OPT pass (performing simple optimizations).

7.1. Executing OPT_EXPR pass (perform const folding).
Optimizing module top.
<suppressed ~16 debug messages>

7.2. Executing OPT_MERGE pass (detect identical cells).
Finding identical cells in module `\top'.
Computing hashes of 2970 cells of `\top'.
Finding duplicate cells in `\top'.
Removed a total of 0 cells.

7.3. Executing OPT_MUXTREE pass (detect dead branches in mux trees).
Running muxtree optimizer on module \top..
  Creating internal representation of mux trees.
  No muxes found in this module.
Removed 0 multiplexer ports.

7.4. Executing OPT_REDUCE pass (consolidate $*mux and $reduce_* inputs).
  Optimizing cells in module \top.
Performed a total of 0 changes.

7.5. Executing OPT_MERGE pass (detect identical cells).
Finding identical cells in module `\top'.
Computing hashes of 2970 cells of `\top'.
Finding duplicate cells in `\top'.
Removed a total of 0 cells.

7.6. Executing OPT_SHARE pass.

7.7. Executing OPT_DFF pass (perform DFF optimizations).
Adding EN signal on $auto$ff.cc:337:slice$3451 ($_SDFFE_PN0P_) from module top (D = $abc$18759$new_n2966, Q = \feat_buf [93]).
Adding EN signal on $auto$ff.cc:337:slice$3452 ($_SDFFE_PN0P_) from module top (D = $abc$18759$new_n2957, Q = \feat_buf [94]).
Adding EN signal on $auto$ff.cc:337:slice$3453 ($_SDFFE_PN0P_) from module top (D = $abc$18759$new_n2997, Q = \feat_buf [95]).
Adding EN signal on $auto$ff.cc:337:slice$3454 ($_SDFFE_PN0P_) from module top (D = $abc$18759$new_n2991, Q = \feat_buf [96]).
Adding EN signal on $auto$ff.cc:337:slice$3455 ($_SDFFE_PN0P_) from module top (D = $abc$18759$new_n2986, Q = \feat_buf [97]).
Adding EN signal on $auto$ff.cc:337:slice$3456 ($_SDFFE_PN0P_) from module top (D = $abc$18759$new_n2981, Q = \feat_buf [98]).
Adding EN signal on $auto$ff.cc:337:slice$3457 ($_SDFFE_PN0P_) from module top (D = $abc$18759$new_n2976, Q = \feat_buf [99]).
Adding EN signal on $auto$ff.cc:337:slice$3458 ($_SDFFE_PN0P_) from module top (D = $abc$18759$new_n2971, Q = \feat_buf [100]).
Adding EN signal on $auto$ff.cc:337:slice$3459 ($_SDFFE_PN0P_) from module top (D = $abc$18759$new_n2966, Q = \feat_buf [101]).
Adding EN signal on $auto$ff.cc:337:slice$3460 ($_SDFFE_PN0P_) from module top (D = $abc$18759$new_n2957, Q = \feat_buf [102]).
Adding EN signal on $auto$ff.cc:337:slice$3461 ($_SDFFE_PN0P_) from module top (D = $abc$18759$new_n2997, Q = \feat_buf [103]).
Adding EN signal on $auto$ff.cc:337:slice$3462 ($_SDFFE_PN0P_) from module top (D = $abc$18759$new_n2991, Q = \feat_buf [104]).
Adding EN signal on $auto$ff.cc:337:slice$3463 ($_SDFFE_PN0P_) from module top (D = $abc$18759$new_n2986, Q = \feat_buf [105]).
Adding EN signal on $auto$ff.cc:337:slice$3464 ($_SDFFE_PN0P_) from module top (D = $abc$18759$new_n2981, Q = \feat_buf [106]).
Adding EN signal on $auto$ff.cc:337:slice$3465 ($_SDFFE_PN0P_) from module top (D = $abc$18759$new_n2976, Q = \feat_buf [107]).
Adding EN signal on $auto$ff.cc:337:slice$3466 ($_SDFFE_PN0P_) from module top (D = $abc$18759$new_n2971, Q = \feat_buf [108]).
Adding EN signal on $auto$ff.cc:337:slice$3467 ($_SDFFE_PN0P_) from module top (D = $abc$18759$new_n2966, Q = \feat_buf [109]).
Adding EN signal on $auto$ff.cc:337:slice$3468 ($_SDFFE_PN0P_) from module top (D = $abc$18759$new_n2957, Q = \feat_buf [110]).
Adding EN signal on $auto$ff.cc:337:slice$3469 ($_SDFFE_PN0P_) from module top (D = $abc$18759$new_n2997, Q = \feat_buf [111]).
Adding EN signal on $auto$ff.cc:337:slice$3470 ($_SDFFE_PN0P_) from module top (D = $abc$18759$new_n2991, Q = \feat_buf [112]).
Adding EN signal on $auto$ff.cc:337:slice$3471 ($_SDFFE_PN0P_) from module top (D = $abc$18759$new_n2986, Q = \feat_buf [113]).
Adding EN signal on $auto$ff.cc:337:slice$3472 ($_SDFFE_PN0P_) from module top (D = $abc$18759$new_n2981, Q = \feat_buf [114]).
Adding EN signal on $auto$ff.cc:337:slice$3473 ($_SDFFE_PN0P_) from module top (D = $abc$18759$new_n2976, Q = \feat_buf [115]).
Adding EN signal on $auto$ff.cc:337:slice$3474 ($_SDFFE_PN0P_) from module top (D = $abc$18759$new_n2971, Q = \feat_buf [116]).
Adding EN signal on $auto$ff.cc:337:slice$3475 ($_SDFFE_PN0P_) from module top (D = $abc$18759$new_n2966, Q = \feat_buf [117]).
Adding EN signal on $auto$ff.cc:337:slice$3476 ($_SDFFE_PN0P_) from module top (D = $abc$18759$new_n2957, Q = \feat_buf [118]).
Adding EN signal on $auto$ff.cc:337:slice$3477 ($_SDFFE_PN0P_) from module top (D = $abc$18759$new_n2997, Q = \feat_buf [119]).
Adding EN signal on $auto$ff.cc:337:slice$3515 ($_SDFF_PN0_) from module top (D = $abc$18759$flatten\u_spi.$procmux$925_Y[7], Q = \u_spi.tx_shift [7]).
Adding EN signal on $auto$ff.cc:337:slice$3509 ($_SDFF_PN0_) from module top (D = $abc$18759$flatten\u_spi.$procmux$925_Y[1], Q = \u_spi.tx_shift [1]).
Adding EN signal on $auto$ff.cc:337:slice$3510 ($_SDFF_PN0_) from module top (D = $abc$18759$flatten\u_spi.$procmux$925_Y[2], Q = \u_spi.tx_shift [2]).
Adding EN signal on $auto$ff.cc:337:slice$3511 ($_SDFF_PN0_) from module top (D = $abc$18759$flatten\u_spi.$procmux$925_Y[3], Q = \u_spi.tx_shift [3]).
Adding EN signal on $auto$ff.cc:337:slice$3512 ($_SDFF_PN0_) from module top (D = $abc$18759$flatten\u_spi.$procmux$925_Y[4], Q = \u_spi.tx_shift [4]).
Adding EN signal on $auto$ff.cc:337:slice$3513 ($_SDFF_PN0_) from module top (D = $abc$18759$flatten\u_spi.$procmux$925_Y[5], Q = \u_spi.tx_shift [5]).
Adding EN signal on $auto$ff.cc:337:slice$3514 ($_SDFF_PN0_) from module top (D = $abc$18759$flatten\u_spi.$procmux$925_Y[6], Q = \u_spi.tx_shift [6]).
Adding EN signal on $auto$ff.cc:337:slice$3358 ($_SDFFE_PN0P_) from module top (D = \u_spi.bus_wdata [0], Q = \feat_buf [0]).
Adding EN signal on $auto$ff.cc:337:slice$3359 ($_SDFFE_PN0P_) from module top (D = \u_spi.bus_wdata [1], Q = \feat_buf [1]).
Adding EN signal on $auto$ff.cc:337:slice$3360 ($_SDFFE_PN0P_) from module top (D = \u_spi.bus_wdata [2], Q = \feat_buf [2]).
Adding EN signal on $auto$ff.cc:337:slice$3361 ($_SDFFE_PN0P_) from module top (D = \u_spi.bus_wdata [3], Q = \feat_buf [3]).
Adding EN signal on $auto$ff.cc:337:slice$3362 ($_SDFFE_PN0P_) from module top (D = \u_spi.bus_wdata [4], Q = \feat_buf [4]).
Adding EN signal on $auto$ff.cc:337:slice$3363 ($_SDFFE_PN0P_) from module top (D = \u_spi.bus_wdata [5], Q = \feat_buf [5]).
Adding EN signal on $auto$ff.cc:337:slice$3364 ($_SDFFE_PN0P_) from module top (D = \u_spi.bus_wdata [6], Q = \feat_buf [6]).
Adding EN signal on $auto$ff.cc:337:slice$3365 ($_SDFFE_PN0P_) from module top (D = \u_spi.bus_wdata [7], Q = \feat_buf [7]).
Adding EN signal on $auto$ff.cc:337:slice$3366 ($_SDFFE_PN0P_) from module top (D = $abc$18759$new_n2991, Q = \feat_buf [8]).
Adding EN signal on $auto$ff.cc:337:slice$3367 ($_SDFFE_PN0P_) from module top (D = $abc$18759$new_n2986, Q = \feat_buf [9]).
Adding EN signal on $auto$ff.cc:337:slice$3368 ($_SDFFE_PN0P_) from module top (D = $abc$18759$new_n2981, Q = \feat_buf [10]).
Adding EN signal on $auto$ff.cc:337:slice$3369 ($_SDFFE_PN0P_) from module top (D = $abc$18759$new_n2976, Q = \feat_buf [11]).
Adding EN signal on $auto$ff.cc:337:slice$3370 ($_SDFFE_PN0P_) from module top (D = $abc$18759$new_n2971, Q = \feat_buf [12]).
Adding EN signal on $auto$ff.cc:337:slice$3371 ($_SDFFE_PN0P_) from module top (D = $abc$18759$new_n2966, Q = \feat_buf [13]).
Adding EN signal on $auto$ff.cc:337:slice$3372 ($_SDFFE_PN0P_) from module top (D = $abc$18759$new_n2957, Q = \feat_buf [14]).
Adding EN signal on $auto$ff.cc:337:slice$3373 ($_SDFFE_PN0P_) from module top (D = $abc$18759$new_n2997, Q = \feat_buf [15]).
Adding EN signal on $auto$ff.cc:337:slice$3377 ($_SDFFE_PN0P_) from module top (D = $abc$18759$new_n2976, Q = \feat_buf [19]).
Adding EN signal on $auto$ff.cc:337:slice$3378 ($_SDFFE_PN0P_) from module top (D = $abc$18759$new_n2971, Q = \feat_buf [20]).
Adding EN signal on $auto$ff.cc:337:slice$3379 ($_SDFFE_PN0P_) from module top (D = $abc$18759$new_n2966, Q = \feat_buf [21]).
Adding EN signal on $auto$ff.cc:337:slice$3380 ($_SDFFE_PN0P_) from module top (D = $abc$18759$new_n2957, Q = \feat_buf [22]).
Adding EN signal on $auto$ff.cc:337:slice$3381 ($_SDFFE_PN0P_) from module top (D = $abc$18759$new_n2997, Q = \feat_buf [23]).
Adding EN signal on $auto$ff.cc:337:slice$3383 ($_SDFFE_PN0P_) from module top (D = $abc$18759$new_n2986, Q = \feat_buf [25]).
Adding EN signal on $auto$ff.cc:337:slice$3384 ($_SDFFE_PN0P_) from module top (D = $abc$18759$new_n2981, Q = \feat_buf [26]).
Adding EN signal on $auto$ff.cc:337:slice$3385 ($_SDFFE_PN0P_) from module top (D = $abc$18759$new_n2976, Q = \feat_buf [27]).
Adding EN signal on $auto$ff.cc:337:slice$3386 ($_SDFFE_PN0P_) from module top (D = $abc$18759$new_n2971, Q = \feat_buf [28]).
Adding EN signal on $auto$ff.cc:337:slice$3387 ($_SDFFE_PN0P_) from module top (D = $abc$18759$new_n2966, Q = \feat_buf [29]).
Adding EN signal on $auto$ff.cc:337:slice$3388 ($_SDFFE_PN0P_) from module top (D = $abc$18759$new_n2957, Q = \feat_buf [30]).
Adding EN signal on $auto$ff.cc:337:slice$3389 ($_SDFFE_PN0P_) from module top (D = $abc$18759$new_n2997, Q = \feat_buf [31]).
Adding EN signal on $auto$ff.cc:337:slice$3390 ($_SDFFE_PN0P_) from module top (D = $abc$18759$new_n2991, Q = \feat_buf [32]).
Adding EN signal on $auto$ff.cc:337:slice$3391 ($_SDFFE_PN0P_) from module top (D = $abc$18759$new_n2986, Q = \feat_buf [33]).
Adding EN signal on $auto$ff.cc:337:slice$3392 ($_SDFFE_PN0P_) from module top (D = $abc$18759$new_n2981, Q = \feat_buf [34]).
Adding EN signal on $auto$ff.cc:337:slice$3393 ($_SDFFE_PN0P_) from module top (D = $abc$18759$new_n2976, Q = \feat_buf [35]).
Adding EN signal on $auto$ff.cc:337:slice$3394 ($_SDFFE_PN0P_) from module top (D = $abc$18759$new_n2971, Q = \feat_buf [36]).
Adding EN signal on $auto$ff.cc:337:slice$3395 ($_SDFFE_PN0P_) from module top (D = $abc$18759$new_n2966, Q = \feat_buf [37]).
Adding EN signal on $auto$ff.cc:337:slice$3396 ($_SDFFE_PN0P_) from module top (D = $abc$18759$new_n2957, Q = \feat_buf [38]).
Adding EN signal on $auto$ff.cc:337:slice$3397 ($_SDFFE_PN0P_) from module top (D = $abc$18759$new_n2997, Q = \feat_buf [39]).
Adding EN signal on $auto$ff.cc:337:slice$3398 ($_SDFFE_PN0P_) from module top (D = $abc$18759$new_n2991, Q = \feat_buf [40]).
Adding EN signal on $auto$ff.cc:337:slice$3399 ($_SDFFE_PN0P_) from module top (D = $abc$18759$new_n2986, Q = \feat_buf [41]).
Adding EN signal on $auto$ff.cc:337:slice$3400 ($_SDFFE_PN0P_) from module top (D = $abc$18759$new_n2981, Q = \feat_buf [42]).
Adding EN signal on $auto$ff.cc:337:slice$3401 ($_SDFFE_PN0P_) from module top (D = $abc$18759$new_n2976, Q = \feat_buf [43]).
Adding EN signal on $auto$ff.cc:337:slice$3402 ($_SDFFE_PN0P_) from module top (D = $abc$18759$new_n2971, Q = \feat_buf [44]).
Adding EN signal on $auto$ff.cc:337:slice$3403 ($_SDFFE_PN0P_) from module top (D = $abc$18759$new_n2966, Q = \feat_buf [45]).
Adding EN signal on $auto$ff.cc:337:slice$3404 ($_SDFFE_PN0P_) from module top (D = $abc$18759$new_n2957, Q = \feat_buf [46]).
Adding EN signal on $auto$ff.cc:337:slice$3405 ($_SDFFE_PN0P_) from module top (D = $abc$18759$new_n2997, Q = \feat_buf [47]).
Adding EN signal on $auto$ff.cc:337:slice$3406 ($_SDFFE_PN0P_) from module top (D = $abc$18759$new_n2991, Q = \feat_buf [48]).
Adding EN signal on $auto$ff.cc:337:slice$3407 ($_SDFFE_PN0P_) from module top (D = $abc$18759$new_n2986, Q = \feat_buf [49]).
Adding EN signal on $auto$ff.cc:337:slice$3408 ($_SDFFE_PN0P_) from module top (D = $abc$18759$new_n2981, Q = \feat_buf [50]).
Adding EN signal on $auto$ff.cc:337:slice$3409 ($_SDFFE_PN0P_) from module top (D = $abc$18759$new_n2976, Q = \feat_buf [51]).
Adding EN signal on $auto$ff.cc:337:slice$3410 ($_SDFFE_PN0P_) from module top (D = $abc$18759$new_n2971, Q = \feat_buf [52]).
Adding EN signal on $auto$ff.cc:337:slice$3411 ($_SDFFE_PN0P_) from module top (D = $abc$18759$new_n2966, Q = \feat_buf [53]).
Adding EN signal on $auto$ff.cc:337:slice$3412 ($_SDFFE_PN0P_) from module top (D = $abc$18759$new_n2957, Q = \feat_buf [54]).
Adding EN signal on $auto$ff.cc:337:slice$3413 ($_SDFFE_PN0P_) from module top (D = $abc$18759$new_n2997, Q = \feat_buf [55]).
Adding EN signal on $auto$ff.cc:337:slice$3422 ($_SDFFE_PN0P_) from module top (D = \u_spi.bus_wdata [0], Q = \feat_buf [64]).
Adding EN signal on $auto$ff.cc:337:slice$3423 ($_SDFFE_PN0P_) from module top (D = \u_spi.bus_wdata [1], Q = \feat_buf [65]).
Adding EN signal on $auto$ff.cc:337:slice$3424 ($_SDFFE_PN0P_) from module top (D = \u_spi.bus_wdata [2], Q = \feat_buf [66]).
Adding EN signal on $auto$ff.cc:337:slice$3425 ($_SDFFE_PN0P_) from module top (D = \u_spi.bus_wdata [3], Q = \feat_buf [67]).
Adding EN signal on $auto$ff.cc:337:slice$3426 ($_SDFFE_PN0P_) from module top (D = \u_spi.bus_wdata [4], Q = \feat_buf [68]).
Adding EN signal on $auto$ff.cc:337:slice$3427 ($_SDFFE_PN0P_) from module top (D = \u_spi.bus_wdata [5], Q = \feat_buf [69]).
Adding EN signal on $auto$ff.cc:337:slice$3428 ($_SDFFE_PN0P_) from module top (D = \u_spi.bus_wdata [6], Q = \feat_buf [70]).
Adding EN signal on $auto$ff.cc:337:slice$3429 ($_SDFFE_PN0P_) from module top (D = \u_spi.bus_wdata [7], Q = \feat_buf [71]).
Adding EN signal on $auto$ff.cc:337:slice$3430 ($_SDFFE_PN0P_) from module top (D = $abc$18759$new_n2991, Q = \feat_buf [72]).
Adding EN signal on $auto$ff.cc:337:slice$3431 ($_SDFFE_PN0P_) from module top (D = $abc$18759$new_n2986, Q = \feat_buf [73]).
Adding EN signal on $auto$ff.cc:337:slice$3432 ($_SDFFE_PN0P_) from module top (D = $abc$18759$new_n2981, Q = \feat_buf [74]).
Adding EN signal on $auto$ff.cc:337:slice$3433 ($_SDFFE_PN0P_) from module top (D = $abc$18759$new_n2976, Q = \feat_buf [75]).
Adding EN signal on $auto$ff.cc:337:slice$3434 ($_SDFFE_PN0P_) from module top (D = $abc$18759$new_n2971, Q = \feat_buf [76]).
Adding EN signal on $auto$ff.cc:337:slice$3435 ($_SDFFE_PN0P_) from module top (D = $abc$18759$new_n2966, Q = \feat_buf [77]).
Adding EN signal on $auto$ff.cc:337:slice$3436 ($_SDFFE_PN0P_) from module top (D = $abc$18759$new_n2957, Q = \feat_buf [78]).
Adding EN signal on $auto$ff.cc:337:slice$3437 ($_SDFFE_PN0P_) from module top (D = $abc$18759$new_n2997, Q = \feat_buf [79]).
Adding EN signal on $auto$ff.cc:337:slice$3441 ($_SDFFE_PN0P_) from module top (D = $abc$18759$new_n2976, Q = \feat_buf [83]).
Adding EN signal on $auto$ff.cc:337:slice$3442 ($_SDFFE_PN0P_) from module top (D = $abc$18759$new_n2971, Q = \feat_buf [84]).
Adding EN signal on $auto$ff.cc:337:slice$3443 ($_SDFFE_PN0P_) from module top (D = $abc$18759$new_n2966, Q = \feat_buf [85]).
Adding EN signal on $auto$ff.cc:337:slice$3444 ($_SDFFE_PN0P_) from module top (D = $abc$18759$new_n2957, Q = \feat_buf [86]).
Adding EN signal on $auto$ff.cc:337:slice$3445 ($_SDFFE_PN0P_) from module top (D = $abc$18759$new_n2997, Q = \feat_buf [87]).
Adding EN signal on $auto$ff.cc:337:slice$3447 ($_SDFFE_PN0P_) from module top (D = $abc$18759$new_n2986, Q = \feat_buf [89]).
Adding EN signal on $auto$ff.cc:337:slice$3448 ($_SDFFE_PN0P_) from module top (D = $abc$18759$new_n2981, Q = \feat_buf [90]).
Adding EN signal on $auto$ff.cc:337:slice$3449 ($_SDFFE_PN0P_) from module top (D = $abc$18759$new_n2976, Q = \feat_buf [91]).
Adding EN signal on $auto$ff.cc:337:slice$3450 ($_SDFFE_PN0P_) from module top (D = $abc$18759$new_n2971, Q = \feat_buf [92]).

7.8. Executing OPT_CLEAN pass (remove unused cells and wires).
Finding unused cells or wires in module \top..
Removed 104 unused cells and 215 unused wires.
<suppressed ~105 debug messages>

7.9. Executing OPT_EXPR pass (perform const folding).
Optimizing module top.
<suppressed ~21 debug messages>

7.10. Rerunning OPT passes. (Maybe there is more to do..)

7.11. Executing OPT_MUXTREE pass (detect dead branches in mux trees).
Running muxtree optimizer on module \top..
  Creating internal representation of mux trees.
  No muxes found in this module.
Removed 0 multiplexer ports.

7.12. Executing OPT_REDUCE pass (consolidate $*mux and $reduce_* inputs).
  Optimizing cells in module \top.
Performed a total of 0 changes.

7.13. Executing OPT_MERGE pass (detect identical cells).
Finding identical cells in module `\top'.
Computing hashes of 2993 cells of `\top'.
Finding duplicate cells in `\top'.
Computing hashes of 2897 cells of `\top'.
Finding duplicate cells in `\top'.
Computing hashes of 2877 cells of `\top'.
Finding duplicate cells in `\top'.
<suppressed ~348 debug messages>
Removed a total of 116 cells.

7.14. Executing OPT_SHARE pass.

7.15. Executing OPT_DFF pass (perform DFF optimizations).

7.16. Executing OPT_CLEAN pass (remove unused cells and wires).
Finding unused cells or wires in module \top..
Removed 0 unused cells and 130 unused wires.
<suppressed ~1 debug messages>

7.17. Executing OPT_EXPR pass (perform const folding).
Optimizing module top.

7.18. Rerunning OPT passes. (Maybe there is more to do..)

7.19. Executing OPT_MUXTREE pass (detect dead branches in mux trees).
Running muxtree optimizer on module \top..
  Creating internal representation of mux trees.
  No muxes found in this module.
Removed 0 multiplexer ports.

7.20. Executing OPT_REDUCE pass (consolidate $*mux and $reduce_* inputs).
  Optimizing cells in module \top.
Performed a total of 0 changes.

7.21. Executing OPT_MERGE pass (detect identical cells).
Finding identical cells in module `\top'.
Computing hashes of 2877 cells of `\top'.
Finding duplicate cells in `\top'.
Removed a total of 0 cells.

7.22. Executing OPT_SHARE pass.

7.23. Executing OPT_DFF pass (perform DFF optimizations).

7.24. Executing OPT_CLEAN pass (remove unused cells and wires).
Finding unused cells or wires in module \top..

7.25. Executing OPT_EXPR pass (perform const folding).
Optimizing module top.

7.26. Finished fast OPT passes. (There is nothing left to do.)

8. Printing statistics.

=== top ===

        +----------Local Count, excluding submodules.
        | 
     2559 wires
     3746 wire bits
      117 public wires
     1297 public wire bits
        6 ports
        6 port bits
     2877 cells
      155   $_ANDNOT_
      844   $_AND_
       79   $_DFFE_PP_
        7   $_DFF_P_
      186   $_MUX_
      691   $_NAND_
       78   $_NOR_
       23   $_NOT_
      111   $_ORNOT_
      178   $_OR_
       24   $_SDFFCE_PN0P_
        3   $_SDFFE_PN0N_
      304   $_SDFFE_PN0P_
       12   $_SDFF_PN0_
        3   $_SDFF_PN1_
        1   $_SDFF_PP0_
      168   $_XNOR_
        8   $_XOR_
        2   $scopeinfo

9. Executing Verilog backend.

9.1. Executing BMUXMAP pass.

9.2. Executing DEMUXMAP pass.
Dumping module `\top'.

Warnings: 34 unique messages, 36 total
End of script. Logfile hash: 20c0e2d537, time: 1.98s, user: 1.14s, system: 0.04s, MEM: 62.88 MB peak
Yosys 0.65 (git sha1 aec814bdf3071f7e0fd0fbe43f7f711e99d01e24, clang++ 21.0.0 -fPIC -O3)
Time spent: 34% 1x abc (0 sec), 15% 45x opt_expr (0 sec), ...
